Pseudonym,Faculty,Post,Duration of employment,Frequency educator believe students are using AI,AI used by respondents,Professional Development in AI,Modified the course keeping AI in mind
SR1,Not indicated ,adjunct senior lecturer,0 to 5,Never,ChatGPT,NO P.D.,yes
SR2, Health & Medical Sciences,tenured staff,5 to 10,Rarely,Bing AI,P.D. UNDERTAKEN,no
SR3,"Science, Engineering  & Tech",on fixed term ,5 to 10,Sometimes,Midjourney,INADEQUATE P.D.,maybe
SR4, Health & Medical Sciences,tenured staff,5 to 10,Rarely,ChatGPT,P.D. UNDERTAKEN,no
SR5, Health & Medical Sciences,tenured staff,10 to 15,Sometimes,Dalle-E,P.D. UNDERTAKEN,yes
SR6, Health & Medical Sciences,tenured staff,>15,Often,ChatGPT,P.D. UNDERTAKEN,no
SR7,"Science, Engineering  & Tech",tenured staff,>15,Sometimes,Grammarly,P.D. UNDERTAKEN,yes
SR8,"Arts, Business, Law  & Economics",on fixed term ,0 to 5,Often,ChatGPT,NO P.D.,yes
SR9, Health & Medical Sciences,tenured staff,5 to 10,Sometimes,Bing AI,NO P.D.,maybe
SR10,"Arts, Business, Law  & Economics",on fixed term ,5 to 10,Often,Midjourney,NO P.D.,no
SR11, Health & Medical Sciences,tenured staff,5 to 10,Sometimes,ChatGPT,NO P.D.,yes
SR12, Health & Medical Sciences,tenured staff,10 to 15,Rarely,Dalle-E,INADEQUATE P.D.,yes
SR13, Health & Medical Sciences,tenured staff,>15,Often,ChatGPT,INADEQUATE P.D.,no
SR14, Health & Medical Sciences,tenured staff,>15,Sometimes,Bing AI,INADEQUATE P.D.,yes
SR15,"Science, Engineering  & Tech",on fixed term ,0 to 5,Often,Grammarly,P.D. UNDERTAKEN,no
SR16, Health & Medical Sciences,tenured staff,5 to 10,Sometimes,ChatGPT,P.D. UNDERTAKEN,yes
SR17, Health & Medical Sciences,tenured staff,5 to 10,Often,ChatGPT,P.D. UNDERTAKEN,yes
SR18, Health & Medical Sciences,tenured staff,5 to 10,Rarely,Bing AI,NO P.D.,yes
SR19,"Arts, Business, Law  & Economics",on fixed term ,10 to 15,Sometimes,Grammarly,P.D. UNDERTAKEN,no
SR20,"Arts, Business, Law  & Economics",tenured staff,>15,Sometimes,ChatGPT,INADEQUATE P.D.,no
SR21, Health & Medical Sciences,tenured staff,>15,Often,Midjourney,P.D. UNDERTAKEN,yes
SR22,"Science, Engineering  & Tech",on fixed term ,0 to 5,Sometimes,Research Rabbit,P.D. UNDERTAKEN,no
SR23, Health & Medical Sciences,tenured staff,5 to 10,Sometimes,ChatGPT,P.D. UNDERTAKEN,no
SR24, Health & Medical Sciences,tenured staff,5 to 10,Often,Dalle-E,P.D. UNDERTAKEN,yes
SR25, Health & Medical Sciences,tenured staff,5 to 10,Rarely,Otter,NO P.D.,no
SR26,Not indicated ,on fixed term ,10 to 15,Sometimes,ChatGPT,NO P.D.,no
SR27,"Arts, Business, Law  & Economics",tenured staff,>15,Sometimes,Elicit,NO P.D.,yes
SR28,"Arts, Business, Law  & Economics",tenured staff,>15,Rarely,ChatGPT,NO P.D.,no
SR29, Health & Medical Sciences,tenured staff,>15,Sometimes,ChatGPT,INADEQUATE P.D.,yes
SR30,"Arts, Business, Law  & Economics",tenured staff,0 to 5,Often,Dalle-E,INADEQUATE P.D.,maybe
SR31,"Science, Engineering  & Tech",tenured staff,5 to 10,Sometimes,Bing AI,INADEQUATE P.D.,no
SR32,"Arts, Business, Law  & Economics",on fixed term ,5 to 10,Rarely,ChatGPT,P.D. UNDERTAKEN,no
SR33,Not indicated ,adjunct senior lecturer,5 to 10,Sometimes,Otter,P.D. UNDERTAKEN,no
SR34,"Science, Engineering  & Tech",adjunct senior lecturer,10 to 15,Rarely,Research Rabbit,P.D. UNDERTAKEN,yes
SR35,"Science, Engineering  & Tech",adjunct senior lecturer,>15,Rarely,Otter,NO P.D.,yes
SR36,"Arts, Business, Law  & Economics",adjunct senior lecturer,>15,Often,Otter,P.D. UNDERTAKEN,no
SR37,Not indicated ,adjunct senior lecturer,>15,Rarely,Grammarly,INADEQUATE P.D.,no
SR38,Not indicated ,adjunct senior lecturer,0 to 5,Often,Midjourney,P.D. UNDERTAKEN,no
SR39,"Science, Engineering  & Tech",adjunct senior lecturer,5 to 10,Rarely,ChatGPT,P.D. UNDERTAKEN,yes
SR40, Health & Medical Sciences,tenured staff,5 to 10,Never,Grammarly,P.D. UNDERTAKEN,yes
SR41,"Science, Engineering  & Tech",on fixed term ,5 to 10,Rarely,Grammarly,P.D. UNDERTAKEN,yes
SR42,"Science, Engineering  & Tech",adjunct senior lecturer,10 to 15,Never,Research Rabbit,NO P.D.,no
SR43,"Science, Engineering  & Tech",tenured staff,>15,Never,Dalle-E,NO P.D.,no
SR44,"Science, Engineering  & Tech",tenured staff,>15,Rarely,Research Rabbit,NO P.D.,yes
SR45,"Arts, Business, Law  & Economics",on fixed term ,>15,Never,Dalle-E,NO P.D.,maybe
SR46,Not indicated ,adjunct senior lecturer,0 to 5,Often,Dalle-E,INADEQUATE P.D.,no
SR47,"Arts, Business, Law  & Economics",on fixed term ,5 to 10,Sometimes,ChatGPT,INADEQUATE P.D.,no
SR48,"Arts, Business, Law  & Economics",adjunct senior lecturer,5 to 10,Rarely,Otter,INADEQUATE P.D.,no
SR49,"Arts, Business, Law  & Economics",tenured staff,5 to 10,Never,ChatGPT,P.D. UNDERTAKEN,yes
SR50,"Science, Engineering  & Tech",tenured staff,10 to 15,Rarely,Midjourney,P.D. UNDERTAKEN,no
SR51, Health & Medical Sciences,tenured staff,>15,Often,Dalle-E,P.D. UNDERTAKEN,no
SR52,Not indicated ,tenured staff,>15,Rarely,Grammarly,P.D. UNDERTAKEN,yes
SR53, Health & Medical Sciences,on fixed term ,>15,Rarely,Otter,NO P.D.,no
SR54,"Arts, Business, Law  & Economics",adjunct senior lecturer,0 to 5,Never,Bing AI,P.D. UNDERTAKEN,no
SR55,"Arts, Business, Law  & Economics",adjunct senior lecturer,0 to 5,Often,Midjourney,INADEQUATE P.D.,no
SR56, Health & Medical Sciences,on fixed term ,0 to 5,Sometimes,ChatGPT,P.D. UNDERTAKEN,yes
SR57, Health & Medical Sciences,adjunct senior lecturer,0 to 5,Sometimes,Research Rabbit,P.D. UNDERTAKEN,yes
SR58, Health & Medical Sciences,tenured staff,0 to 5,Never,Midjourney,P.D. UNDERTAKEN,yes
SR59,"Arts, Business, Law  & Economics",adjunct senior lecturer,5 to 10,Rarely,Midjourney,P.D. UNDERTAKEN,yes
SR60,"Arts, Business, Law  & Economics",tenured staff,5 to 10,Never,Otter,NO P.D.,yes
SR61,Not indicated ,on fixed term ,>15,Never,Midjourney,NO P.D.,no
SR62,Not indicated ,adjunct senior lecturer,>15,Never,Midjourney,NO P.D.,no
SR63,"Arts, Business, Law  & Economics",on fixed term ,10 to 15,Rarely,Bing AI,NO P.D.,yes
SR64, Health & Medical Sciences,adjunct senior lecturer,10 to 15,Often,Elicit,INADEQUATE P.D.,no
SR65, Health & Medical Sciences,tenured staff,0 to 5,Never,Research Rabbit,INADEQUATE P.D.,no
SR66,Not indicated ,on fixed term ,5 to 10,Rarely,Research Rabbit,INADEQUATE P.D.,maybe
SR67,"Arts, Business, Law  & Economics",adjunct senior lecturer,5 to 10,Often,Research Rabbit,P.D. UNDERTAKEN,yes
SR68,Not indicated ,tenured staff,5 to 10,Never,Dalle-E,P.D. UNDERTAKEN,no
SR69,Not indicated ,on fixed term ,10 to 15,Sometimes,Grammarly,NO P.D.,yes
SR70,"Science, Engineering  & Tech",on fixed term ,>15,Often,Elicit,P.D. UNDERTAKEN,no
SR71,"Science, Engineering  & Tech",adjunct senior lecturer,>15,Never,Research Rabbit,INADEQUATE P.D.,no
SR72,"Science, Engineering  & Tech",adjunct senior lecturer,>15,Often,Midjourney,P.D. UNDERTAKEN,yes
SR73, Health & Medical Sciences,adjunct senior lecturer,0 to 5,Often,Midjourney,P.D. UNDERTAKEN,no
SR74,"Arts, Business, Law  & Economics",tenured staff,0 to 5,Often,Research Rabbit,P.D. UNDERTAKEN,no
SR75,"Arts, Business, Law  & Economics",adjunct senior lecturer,0 to 5,Often,Otter,P.D. UNDERTAKEN,no
SR76,"Arts, Business, Law  & Economics",on fixed term ,0 to 5,Often,Research Rabbit,NO P.D.,yes
SR77,"Arts, Business, Law  & Economics",on fixed term ,0 to 5,Often,Midjourney,NO P.D.,no
SR78,"Science, Engineering  & Tech",adjunct senior lecturer,5 to 10,Never,Dalle-E,NO P.D.,no
SR79, Health & Medical Sciences,adjunct senior lecturer,5 to 10,Sometimes,ChatGPT,NO P.D.,yes
SR80, Health & Medical Sciences,on fixed term ,>15,Rarely,ChatGPT,INADEQUATE P.D.,yes
SR81,"Science, Engineering  & Tech",tenured staff,>15,Often,Elicit,INADEQUATE P.D.,no
SR82, Health & Medical Sciences,adjunct senior lecturer,10 to 15,Rarely,Elicit,INADEQUATE P.D.,yes
SR83,"Science, Engineering  & Tech",adjunct senior lecturer,10 to 15,Never,Research Rabbit,P.D. UNDERTAKEN,no
SR84,"Arts, Business, Law  & Economics",on fixed term ,>15,Often,Bing AI,NO P.D.,yes
SR85,"Science, Engineering  & Tech",adjunct senior lecturer,0 to 5,Sometimes,Research Rabbit,NO P.D.,no
SR86,"Arts, Business, Law  & Economics",tenured staff,5 to 10,Rarely,Otter,INADEQUATE P.D.,no
SR87,"Arts, Business, Law  & Economics",on fixed term ,5 to 10,Often,Research Rabbit,INADEQUATE P.D.,no
SR88,Not indicated ,adjunct senior lecturer,5 to 10,Never,Elicit,INADEQUATE P.D.,yes
SR89,"Science, Engineering  & Tech",on fixed term ,10 to 15,Sometimes,ChatGPT,P.D. UNDERTAKEN,yes
SR90,Not indicated ,adjunct senior lecturer,>15,Rarely,Midjourney,P.D. UNDERTAKEN,no
SR91,"Science, Engineering  & Tech",adjunct senior lecturer,>15,Rarely,Research Rabbit,NO P.D.,yes
SR92,"Science, Engineering  & Tech",adjunct senior lecturer,>15,Often,Midjourney,P.D. UNDERTAKEN,no
SR93,Not indicated ,tenured staff,0 to 5,Sometimes,Midjourney,INADEQUATE P.D.,yes
SR94,Not indicated ,tenured staff,5 to 10,Sometimes,Bing AI,P.D. UNDERTAKEN,no
SR95,"Science, Engineering  & Tech",on fixed term ,5 to 10,Sometimes,Midjourney,P.D. UNDERTAKEN,no
SR96, Health & Medical Sciences,adjunct senior lecturer,5 to 10,Sometimes,ChatGPT,P.D. UNDERTAKEN,no
SR97,"Arts, Business, Law  & Economics",adjunct senior lecturer,10 to 15,Never,Dalle-E,P.D. UNDERTAKEN,no
SR98,Not indicated ,tenured staff,>15,Sometimes,Dalle-E,NO P.D.,no
SR99,"Arts, Business, Law  & Economics",adjunct senior lecturer,>15,Rarely,Grammarly,NO P.D.,yes
SR100, Health & Medical Sciences,tenured staff,>15,Rarely,Otter,NO P.D.,no
SR101, Health & Medical Sciences,adjunct senior lecturer,0 to 5,Never,Research Rabbit,NO P.D.,yes
SR102, Health & Medical Sciences,on fixed term ,5 to 10,Rarely,Otter,INADEQUATE P.D.,no
SR103,Not indicated ,adjunct senior lecturer,5 to 10,Rarely,ChatGPT,INADEQUATE P.D.,no
SR104, Health & Medical Sciences,adjunct senior lecturer,5 to 10,Sometimes,Midjourney,INADEQUATE P.D.,no
SR105,Not indicated ,tenured staff,10 to 15,Rarely,Dalle-E,P.D. UNDERTAKEN,no
SR106, Health & Medical Sciences,adjunct senior lecturer,>15,Never,Otter,NO P.D.,no
SR107,"Arts, Business, Law  & Economics",adjunct senior lecturer,>15,Sometimes,ChatGPT,INADEQUATE P.D.,no
SR108,"Arts, Business, Law  & Economics",tenured staff,>15,Often,Dalle-E,INADEQUATE P.D.,no
SR109,"Science, Engineering  & Tech",on fixed term ,0 to 5,Sometimes,Midjourney,INADEQUATE P.D.,no
SR110,"Arts, Business, Law  & Economics",on fixed term ,0 to 5,Never,Otter,P.D. UNDERTAKEN,no
SR111,"Science, Engineering  & Tech",tenured staff,0 to 5,Sometimes,Dalle-E,P.D. UNDERTAKEN,no
SR112,"Arts, Business, Law  & Economics",tenured staff,0 to 5,Sometimes,Research Rabbit,NO P.D.,yes
SR113,Not indicated ,tenured staff,0 to 5,Never,Elicit,P.D. UNDERTAKEN,no
SR114,"Arts, Business, Law  & Economics",tenured staff,5 to 10,Sometimes,Research Rabbit,INADEQUATE P.D.,no
SR115,"Science, Engineering  & Tech",tenured staff,5 to 10,Never,Grammarly,P.D. UNDERTAKEN,no
SR116,"Science, Engineering  & Tech",on fixed term ,>15,Never,Grammarly,P.D. UNDERTAKEN,no
SR117, Health & Medical Sciences,on fixed term ,>15,Often,Dalle-E,P.D. UNDERTAKEN,maybe
SR118,Not indicated ,tenured staff,10 to 15,Rarely,Elicit,P.D. UNDERTAKEN,maybe
SR119,"Arts, Business, Law  & Economics",adjunct senior lecturer,10 to 15,Rarely,ChatGPT,NO P.D.,maybe
SR120, Health & Medical Sciences,tenured staff,0 to 5,Sometimes,Research Rabbit,NO P.D.,maybe
SR121,"Arts, Business, Law  & Economics",adjunct senior lecturer,5 to 10,Sometimes,ChatGPT,NO P.D.,no
SR122,"Arts, Business, Law  & Economics",tenured staff,5 to 10,Often,Elicit,NO P.D.,no
SR123, Health & Medical Sciences,tenured staff,5 to 10,Often,ChatGPT,INADEQUATE P.D.,no
SR124, Health & Medical Sciences,on fixed term ,10 to 15,Often,Elicit,INADEQUATE P.D.,no
SR125, Health & Medical Sciences,adjunct senior lecturer,>15,Never,Dalle-E,NO P.D.,no
SR126, Health & Medical Sciences,adjunct senior lecturer,>15,Often,ChatGPT,INADEQUATE P.D.,yes
SR127, Health & Medical Sciences,on fixed term ,>15,Often,Research Rabbit,INADEQUATE P.D.,yes
SR128,"Arts, Business, Law  & Economics",on fixed term ,0 to 5,Sometimes,Midjourney,INADEQUATE P.D.,no
SR129, Health & Medical Sciences,on fixed term ,0 to 5,Often,Grammarly,P.D. UNDERTAKEN,yes
SR130,Not indicated ,on fixed term ,0 to 5,Never,Midjourney,P.D. UNDERTAKEN,no
SR131,"Science, Engineering  & Tech",adjunct senior lecturer,0 to 5,Never,ChatGPT,NO P.D.,yes
SR132, Health & Medical Sciences,adjunct senior lecturer,0 to 5,Sometimes,Midjourney,P.D. UNDERTAKEN,no
SR133, Health & Medical Sciences,tenured staff,5 to 10,Often,Research Rabbit,INADEQUATE P.D.,no
SR134,"Arts, Business, Law  & Economics",tenured staff,5 to 10,Often,Research Rabbit,P.D. UNDERTAKEN,no
SR135, Health & Medical Sciences,on fixed term ,>15,Never,ChatGPT,P.D. UNDERTAKEN,no
SR136, Health & Medical Sciences,on fixed term ,>15,Often,Dalle-E,P.D. UNDERTAKEN,no
SR137, Health & Medical Sciences,on fixed term ,10 to 15,Often,Midjourney,P.D. UNDERTAKEN,yes
SR138,"Arts, Business, Law  & Economics",tenured staff,10 to 15,Often,Dalle-E,NO P.D.,yes
SR139, Health & Medical Sciences,tenured staff,>15,Rarely,Dalle-E,NO P.D.,no
SR140,"Science, Engineering  & Tech",tenured staff,0 to 5,Sometimes,Elicit,NO P.D.,no
SR141,"Arts, Business, Law  & Economics",tenured staff,5 to 10,Rarely,Bing AI,NO P.D.,no
SR142,"Science, Engineering  & Tech",tenured staff,5 to 10,Sometimes,ChatGPT,INADEQUATE P.D.,yes
SR143,"Arts, Business, Law  & Economics",tenured staff,5 to 10,Never,Grammarly,INADEQUATE P.D.,no
SR144, Health & Medical Sciences,tenured staff,10 to 15,Often,Research Rabbit,NO P.D.,yes
SR145,"Science, Engineering  & Tech",on fixed term ,>15,Sometimes,Research Rabbit,INADEQUATE P.D.,no
SR146,"Arts, Business, Law  & Economics",on fixed term ,>15,Rarely,ChatGPT,INADEQUATE P.D.,yes
SR147,Not indicated ,on fixed term ,>15,Often,Elicit,INADEQUATE P.D.,no
SR148, Health & Medical Sciences,on fixed term ,0 to 5,Never,Otter,P.D. UNDERTAKEN,yes
SR149,"Arts, Business, Law  & Economics",tenured staff,5 to 10,Sometimes,Otter,P.D. UNDERTAKEN,yes
SR150,Not indicated ,adjunct senior lecturer,5 to 10,Sometimes,Otter,NO P.D.,yes
SR151,"Arts, Business, Law  & Economics",tenured staff,5 to 10,Sometimes,Elicit,P.D. UNDERTAKEN,yes
SR152,Not indicated ,adjunct senior lecturer,10 to 15,Often,Grammarly,INADEQUATE P.D.,yes
SR153, Health & Medical Sciences,on fixed term ,>15,Rarely,Research Rabbit,P.D. UNDERTAKEN,no
SR154,"Science, Engineering  & Tech",tenured staff,>15,Rarely,ChatGPT,P.D. UNDERTAKEN,no
SR155,Not indicated ,on fixed term ,>15,Sometimes,Elicit,P.D. UNDERTAKEN,yes
SR156,"Arts, Business, Law  & Economics",tenured staff,0 to 5,Never,Research Rabbit,P.D. UNDERTAKEN,no
SR157, Health & Medical Sciences,on fixed term ,5 to 10,Never,Dalle-E,NO P.D.,yes
SR158,Not indicated ,adjunct senior lecturer,5 to 10,Rarely,Midjourney,NO P.D.,yes
SR159,"Arts, Business, Law  & Economics",adjunct senior lecturer,5 to 10,Never,Midjourney,NO P.D.,no
SR160,"Arts, Business, Law  & Economics",adjunct senior lecturer,10 to 15,Rarely,Elicit,NO P.D.,yes
SR161,"Arts, Business, Law  & Economics",tenured staff,>15,Sometimes,Research Rabbit,INADEQUATE P.D.,no
SR162,Not indicated ,adjunct senior lecturer,>15,Rarely,Bing AI,INADEQUATE P.D.,no
SR163,Not indicated ,tenured staff,>15,Rarely,Grammarly,NO P.D.,no
SR164,Not indicated ,adjunct senior lecturer,0 to 5,Sometimes,Otter,INADEQUATE P.D.,yes
SR165,"Science, Engineering  & Tech",adjunct senior lecturer,0 to 5,Never,Grammarly,INADEQUATE P.D.,no
SR166,Not indicated ,tenured staff,0 to 5,Rarely,Grammarly,INADEQUATE P.D.,yes
SR167,Not indicated ,tenured staff,0 to 5,Rarely,Elicit,P.D. UNDERTAKEN,yes
SR168,Not indicated ,adjunct senior lecturer,0 to 5,Sometimes,Dalle-E,P.D. UNDERTAKEN,yes
SR169,"Science, Engineering  & Tech",tenured staff,5 to 10,Never,Grammarly,NO P.D.,no
SR170,Not indicated ,adjunct senior lecturer,5 to 10,Rarely,Midjourney,P.D. UNDERTAKEN,yes
SR171,"Arts, Business, Law  & Economics",tenured staff,>15,Sometimes,Dalle-E,INADEQUATE P.D.,no
SR172,Not indicated ,on fixed term ,>15,Rarely,ChatGPT,P.D. UNDERTAKEN,yes
SR173,"Arts, Business, Law  & Economics",on fixed term ,10 to 15,Often,Grammarly,P.D. UNDERTAKEN,no
SR174,"Arts, Business, Law  & Economics",on fixed term ,10 to 15,Sometimes,Grammarly,P.D. UNDERTAKEN,yes
SR175,"Arts, Business, Law  & Economics",on fixed term ,0 to 5,Never,ChatGPT,P.D. UNDERTAKEN,no
SR176,"Science, Engineering  & Tech",on fixed term ,5 to 10,Never,Grammarly,NO P.D.,no
SR177,"Science, Engineering  & Tech",adjunct senior lecturer,5 to 10,Never,ChatGPT,NO P.D.,yes
SR178,"Science, Engineering  & Tech",on fixed term ,5 to 10,Never,Dalle-E,NO P.D.,yes
SR179,Not indicated ,on fixed term ,10 to 15,Rarely,Midjourney,NO P.D.,no
SR180,"Arts, Business, Law  & Economics",on fixed term ,>15,Rarely,ChatGPT,INADEQUATE P.D.,no
SR181,"Science, Engineering  & Tech",on fixed term ,>15,Never,Bing AI,INADEQUATE P.D.,yes
SR182,"Science, Engineering  & Tech",tenured staff,>15,Never,Elicit,NO P.D.,no
SR183,Not indicated ,adjunct senior lecturer,0 to 5,Never,Elicit,INADEQUATE P.D.,yes
SR184,"Science, Engineering  & Tech",on fixed term ,0 to 5,Rarely,ChatGPT,INADEQUATE P.D.,yes
SR185,Not indicated ,on fixed term ,0 to 5,Never,Elicit,NO P.D.,yes
SR186, Health & Medical Sciences,on fixed term ,0 to 5,Never,Grammarly,INADEQUATE P.D.,yes
SR187,"Science, Engineering  & Tech",adjunct senior lecturer,0 to 5,Often,Otter,INADEQUATE P.D.,no
SR188, Health & Medical Sciences,tenured staff,5 to 10,Often,Otter,INADEQUATE P.D.,yes
SR189,Not indicated ,adjunct senior lecturer,5 to 10,Never,Elicit,P.D. UNDERTAKEN,no
SR190,"Arts, Business, Law  & Economics",tenured staff,>15,Sometimes,Dalle-E,P.D. UNDERTAKEN,no
SR191,"Science, Engineering  & Tech",on fixed term ,>15,Never,Research Rabbit,NO P.D.,no
SR192,Not indicated ,on fixed term ,10 to 15,Often,Dalle-E,P.D. UNDERTAKEN,yes
SR193,"Arts, Business, Law  & Economics",adjunct senior lecturer,10 to 15,Sometimes,Research Rabbit,INADEQUATE P.D.,no
SR194,"Arts, Business, Law  & Economics",adjunct senior lecturer,>15,Sometimes,Otter,P.D. UNDERTAKEN,no
SR195, Health & Medical Sciences,tenured staff,0 to 5,Never,Otter,P.D. UNDERTAKEN,yes
SR196,Not indicated ,tenured staff,5 to 10,Often,ChatGPT,P.D. UNDERTAKEN,no
SR197,"Arts, Business, Law  & Economics",adjunct senior lecturer,5 to 10,Often,Midjourney,P.D. UNDERTAKEN,no
SR198,"Science, Engineering  & Tech",tenured staff,5 to 10,Sometimes,Bing AI,NO P.D.,no
SR199,"Science, Engineering  & Tech",adjunct senior lecturer,10 to 15,Never,Dalle-E,INADEQUATE P.D.,yes
SR200, Health & Medical Sciences,tenured staff,>15,Rarely,Grammarly,INADEQUATE P.D.,yes
SR201,"Arts, Business, Law  & Economics",adjunct senior lecturer,>15,Rarely,Research Rabbit,NO P.D.,no
SR202,Not indicated ,adjunct senior lecturer,>15,Often,Elicit,INADEQUATE P.D.,no
SR203,"Science, Engineering  & Tech",adjunct senior lecturer,0 to 5,Rarely,Grammarly,INADEQUATE P.D.,maybe
SR204,"Arts, Business, Law  & Economics",tenured staff,5 to 10,Often,Midjourney,INADEQUATE P.D.,maybe
SR205,"Arts, Business, Law  & Economics",tenured staff,5 to 10,Often,Research Rabbit,P.D. UNDERTAKEN,maybe
SR206, Health & Medical Sciences,tenured staff,5 to 10,Often,Dalle-E,P.D. UNDERTAKEN,no
SR207,"Science, Engineering  & Tech",adjunct senior lecturer,10 to 15,Rarely,ChatGPT,NO P.D.,yes
SR208,"Science, Engineering  & Tech",tenured staff,>15,Often,Grammarly,P.D. UNDERTAKEN,no
SR209,Not indicated ,tenured staff,>15,Sometimes,Midjourney,INADEQUATE P.D.,no
SR210,"Science, Engineering  & Tech",adjunct senior lecturer,>15,Never,Dalle-E,P.D. UNDERTAKEN,no
SR211,Not indicated ,on fixed term ,0 to 5,Never,Otter,P.D. UNDERTAKEN,no
SR212,"Science, Engineering  & Tech",adjunct senior lecturer,5 to 10,Often,Otter,P.D. UNDERTAKEN,no
SR213, Health & Medical Sciences,tenured staff,5 to 10,Never,Dalle-E,P.D. UNDERTAKEN,no
SR214,"Science, Engineering  & Tech",adjunct senior lecturer,5 to 10,Rarely,Dalle-E,NO P.D.,yes
SR215,Not indicated ,on fixed term ,10 to 15,Rarely,Dalle-E,INADEQUATE P.D.,no
SR216,Not indicated ,adjunct senior lecturer,>15,Never,Research Rabbit,INADEQUATE P.D.,maybe
SR217, Health & Medical Sciences,tenured staff,>15,Rarely,Dalle-E,NO P.D.,maybe
SR218,"Science, Engineering  & Tech",on fixed term ,>15,Never,Grammarly,INADEQUATE P.D.,yes
SR219,"Science, Engineering  & Tech",tenured staff,0 to 5,Never,Midjourney,INADEQUATE P.D.,no
SR220, Health & Medical Sciences,on fixed term ,0 to 5,Never,Research Rabbit,INADEQUATE P.D.,no
SR221,"Science, Engineering  & Tech",on fixed term ,0 to 5,Often,Dalle-E,P.D. UNDERTAKEN,yes
SR222,"Science, Engineering  & Tech",adjunct senior lecturer,0 to 5,Never,Bing AI,P.D. UNDERTAKEN,yes
SR223,Not indicated ,adjunct senior lecturer,0 to 5,Often,Elicit,NO P.D.,no
SR224,"Science, Engineering  & Tech",tenured staff,5 to 10,Never,Bing AI,P.D. UNDERTAKEN,no
SR225,"Science, Engineering  & Tech",adjunct senior lecturer,5 to 10,Never,Midjourney,INADEQUATE P.D.,yes
SR226, Health & Medical Sciences,adjunct senior lecturer,>15,Never,Otter,P.D. UNDERTAKEN,no
SR227, Health & Medical Sciences,on fixed term ,>15,Rarely,ChatGPT,P.D. UNDERTAKEN,no
SR228,"Arts, Business, Law  & Economics",adjunct senior lecturer,10 to 15,Often,ChatGPT,P.D. UNDERTAKEN,yes
SR229,Not indicated ,on fixed term ,10 to 15,Often,Elicit,P.D. UNDERTAKEN,no
SR230,"Science, Engineering  & Tech",on fixed term ,0 to 5,Never,Otter,NO P.D.,maybe
SR231,"Science, Engineering  & Tech",on fixed term ,5 to 10,Never,Research Rabbit,INADEQUATE P.D.,maybe
SR232,"Arts, Business, Law  & Economics",tenured staff,5 to 10,Rarely,Research Rabbit,INADEQUATE P.D.,maybe
SR233,"Science, Engineering  & Tech",tenured staff,5 to 10,Rarely,Research Rabbit,NO P.D.,maybe
SR234,Not indicated ,tenured staff,10 to 15,Rarely,ChatGPT,INADEQUATE P.D.,maybe
SR235,"Arts, Business, Law  & Economics",on fixed term ,>15,Often,Bing AI,INADEQUATE P.D.,maybe
SR236,Not indicated ,tenured staff,>15,Often,ChatGPT,INADEQUATE P.D.,maybe
SR237,"Arts, Business, Law  & Economics",tenured staff,>15,Often,Grammarly,P.D. UNDERTAKEN,maybe
SR238,"Arts, Business, Law  & Economics",adjunct senior lecturer,0 to 5,Never,Dalle-E,P.D. UNDERTAKEN,maybe
SR239, Health & Medical Sciences,tenured staff,0 to 5,Often,Research Rabbit,NO P.D.,no
SR240,Not indicated ,tenured staff,0 to 5,Sometimes,Bing AI,P.D. UNDERTAKEN,no
SR241,"Science, Engineering  & Tech",on fixed term ,0 to 5,Sometimes,Midjourney,INADEQUATE P.D.,no
SR242,"Science, Engineering  & Tech",on fixed term ,0 to 5,Rarely,Elicit,P.D. UNDERTAKEN,no
SR243,Not indicated ,on fixed term ,5 to 10,Often,Midjourney,P.D. UNDERTAKEN,no
SR244,"Science, Engineering  & Tech",on fixed term ,5 to 10,Sometimes,Dalle-E,P.D. UNDERTAKEN,no
SR245,"Science, Engineering  & Tech",on fixed term ,>15,Rarely,Bing AI,P.D. UNDERTAKEN,no
SR246,Not indicated ,on fixed term ,>15,Often,ChatGPT,NO P.D.,no
SR247,"Arts, Business, Law  & Economics",tenured staff,10 to 15,Never,ChatGPT,INADEQUATE P.D.,yes
SR248,Not indicated ,on fixed term ,10 to 15,Sometimes,Grammarly,INADEQUATE P.D.,yes
SR249,"Arts, Business, Law  & Economics",on fixed term ,>15,Never,Grammarly,NO P.D.,no
SR250,"Science, Engineering  & Tech",adjunct senior lecturer,0 to 5,Often,ChatGPT,INADEQUATE P.D.,no
SR251,"Science, Engineering  & Tech",tenured staff,5 to 10,Sometimes,Midjourney,INADEQUATE P.D.,yes
SR252,"Science, Engineering  & Tech",tenured staff,5 to 10,Often,Elicit,INADEQUATE P.D.,no
SR253, Health & Medical Sciences,tenured staff,5 to 10,Never,Research Rabbit,P.D. UNDERTAKEN,yes
SR254,"Arts, Business, Law  & Economics",on fixed term ,10 to 15,Sometimes,Midjourney,P.D. UNDERTAKEN,yes
SR255, Health & Medical Sciences,on fixed term ,>15,Never,Elicit,NO P.D.,no
SR256, Health & Medical Sciences,on fixed term ,>15,Often,Grammarly,P.D. UNDERTAKEN,no
SR257,Not indicated ,adjunct senior lecturer,>15,Often,Dalle-E,INADEQUATE P.D.,yes
SR258, Health & Medical Sciences,on fixed term ,0 to 5,Never,Elicit,P.D. UNDERTAKEN,yes
SR259,Not indicated ,adjunct senior lecturer,5 to 10,Sometimes,ChatGPT,P.D. UNDERTAKEN,no
SR260,Not indicated ,tenured staff,5 to 10,Never,Grammarly,P.D. UNDERTAKEN,no
SR261, Health & Medical Sciences,on fixed term ,5 to 10,Often,Grammarly,P.D. UNDERTAKEN,no
SR262,"Arts, Business, Law  & Economics",adjunct senior lecturer,10 to 15,Never,Research Rabbit,P.D. UNDERTAKEN,yes
SR263,"Arts, Business, Law  & Economics",adjunct senior lecturer,>15,Often,ChatGPT,P.D. UNDERTAKEN,no
SR264,"Arts, Business, Law  & Economics",on fixed term ,>15,Never,Research Rabbit,P.D. UNDERTAKEN,yes
SR265,"Arts, Business, Law  & Economics",tenured staff,>15,Sometimes,ChatGPT,P.D. UNDERTAKEN,no
SR266,"Arts, Business, Law  & Economics",tenured staff,0 to 5,Sometimes,Research Rabbit,NO P.D.,yes
SR267, Health & Medical Sciences,tenured staff,5 to 10,Never,Elicit,INADEQUATE P.D.,no
SR268, Health & Medical Sciences,adjunct senior lecturer,5 to 10,Never,Midjourney,INADEQUATE P.D.,no
SR269,"Science, Engineering  & Tech",adjunct senior lecturer,5 to 10,Sometimes,Dalle-E,NO P.D.,yes
SR270,"Arts, Business, Law  & Economics",adjunct senior lecturer,10 to 15,Often,Dalle-E,INADEQUATE P.D.,no
SR271, Health & Medical Sciences,adjunct senior lecturer,>15,Sometimes,ChatGPT,INADEQUATE P.D.,no
SR272,"Science, Engineering  & Tech",tenured staff,>15,Often,Bing AI,INADEQUATE P.D.,yes
SR273,"Arts, Business, Law  & Economics",on fixed term ,>15,Never,Otter,P.D. UNDERTAKEN,no
SR274,Not indicated ,adjunct senior lecturer,0 to 5,Never,Grammarly,P.D. UNDERTAKEN,yes
SR275,"Science, Engineering  & Tech",adjunct senior lecturer,0 to 5,Often,Grammarly,NO P.D.,no
SR276, Health & Medical Sciences,tenured staff,0 to 5,Never,ChatGPT,P.D. UNDERTAKEN,no
SR277,Not indicated ,on fixed term ,0 to 5,Often,Elicit,INADEQUATE P.D.,no
SR278,Not indicated ,on fixed term ,0 to 5,Rarely,Research Rabbit,P.D. UNDERTAKEN,yes
SR279,Not indicated ,tenured staff,5 to 10,Sometimes,Bing AI,P.D. UNDERTAKEN,no
SR280,"Science, Engineering  & Tech",tenured staff,5 to 10,Rarely,Midjourney,P.D. UNDERTAKEN,no
SR281, Health & Medical Sciences,on fixed term ,>15,Often,Research Rabbit,P.D. UNDERTAKEN,yes
SR282,Not indicated ,adjunct senior lecturer,>15,Sometimes,Research Rabbit,NO P.D.,yes
SR283,"Arts, Business, Law  & Economics",on fixed term ,10 to 15,Often,ChatGPT,INADEQUATE P.D.,no
SR284,Not indicated ,tenured staff,10 to 15,Sometimes,ChatGPT,INADEQUATE P.D.,no
SR285,Not indicated ,adjunct senior lecturer,0 to 5,Sometimes,Elicit,NO P.D.,no
SR286,"Science, Engineering  & Tech",adjunct senior lecturer,5 to 10,Sometimes,Grammarly,INADEQUATE P.D.,no
SR287,"Science, Engineering  & Tech",tenured staff,5 to 10,Sometimes,ChatGPT,INADEQUATE P.D.,yes
SR288, Health & Medical Sciences,tenured staff,5 to 10,Often,ChatGPT,INADEQUATE P.D.,yes
SR289,"Arts, Business, Law  & Economics",tenured staff,10 to 15,Sometimes,ChatGPT,P.D. UNDERTAKEN,no
SR290,"Science, Engineering  & Tech",on fixed term ,>15,Sometimes,Elicit,P.D. UNDERTAKEN,no
SR291,Not indicated ,on fixed term ,>15,Rarely,Grammarly,NO P.D.,no
SR292, Health & Medical Sciences,adjunct senior lecturer,>15,Never,Midjourney,P.D. UNDERTAKEN,yes
SR293,Not indicated ,tenured staff,0 to 5,Never,Midjourney,INADEQUATE P.D.,yes
SR294,Not indicated ,adjunct senior lecturer,0 to 5,Rarely,Otter,P.D. UNDERTAKEN,no
SR295,"Science, Engineering  & Tech",adjunct senior lecturer,0 to 5,Rarely,Otter,P.D. UNDERTAKEN,no
SR296, Health & Medical Sciences,adjunct senior lecturer,0 to 5,Often,ChatGPT,P.D. UNDERTAKEN,no
SR297,"Arts, Business, Law  & Economics",adjunct senior lecturer,0 to 5,Often,Otter,P.D. UNDERTAKEN,no
SR298,"Arts, Business, Law  & Economics",tenured staff,5 to 10,Often,Grammarly,NO P.D.,no
SR299,"Science, Engineering  & Tech",adjunct senior lecturer,5 to 10,Rarely,Elicit,INADEQUATE P.D.,no
SR300,"Science, Engineering  & Tech",tenured staff,>15,Rarely,Midjourney,INADEQUATE P.D.,no
SR301, Health & Medical Sciences,tenured staff,>15,Sometimes,Research Rabbit,NO P.D.,yes
SR302,"Arts, Business, Law  & Economics",on fixed term ,10 to 15,Often,Midjourney,INADEQUATE P.D.,no
SR303,"Arts, Business, Law  & Economics",tenured staff,10 to 15,Often,Midjourney,INADEQUATE P.D.,no
SR304,"Arts, Business, Law  & Economics",on fixed term ,>15,Often,Grammarly,INADEQUATE P.D.,no
SR305,Not indicated ,tenured staff,0 to 5,Never,Otter,P.D. UNDERTAKEN,no
SR306,"Arts, Business, Law  & Economics",tenured staff,5 to 10,Sometimes,Research Rabbit,P.D. UNDERTAKEN,no
SR307,Not indicated ,tenured staff,5 to 10,Often,Grammarly,NO P.D.,no
SR308, Health & Medical Sciences,on fixed term ,5 to 10,Often,ChatGPT,P.D. UNDERTAKEN,no
SR309,Not indicated ,on fixed term ,10 to 15,Often,Elicit,INADEQUATE P.D.,no
SR310, Health & Medical Sciences,adjunct senior lecturer,>15,Never,Dalle-E,P.D. UNDERTAKEN,yes
SR311,"Arts, Business, Law  & Economics",on fixed term ,>15,Never,Midjourney,P.D. UNDERTAKEN,no
SR312,"Arts, Business, Law  & Economics",on fixed term ,>15,Rarely,Dalle-E,P.D. UNDERTAKEN,no
SR313, Health & Medical Sciences,on fixed term ,0 to 5,Sometimes,Elicit,P.D. UNDERTAKEN,yes
SR314,"Science, Engineering  & Tech",on fixed term ,5 to 10,Rarely,Elicit,NO P.D.,no
SR315, Health & Medical Sciences,adjunct senior lecturer,5 to 10,Sometimes,Grammarly,INADEQUATE P.D.,no
SR316,"Science, Engineering  & Tech",on fixed term ,5 to 10,Never,Grammarly,INADEQUATE P.D.,no
SR317,Not indicated ,tenured staff,10 to 15,Often,Grammarly,NO P.D.,no
SR318,Not indicated ,tenured staff,>15,Rarely,Dalle-E,INADEQUATE P.D.,no
SR319,Not indicated ,on fixed term ,>15,Often,Grammarly,INADEQUATE P.D.,yes
SR320,"Arts, Business, Law  & Economics",on fixed term ,>15,Rarely,Elicit,INADEQUATE P.D.,yes
SR321,Not indicated ,tenured staff,0 to 5,Never,ChatGPT,P.D. UNDERTAKEN,no
SR322,"Science, Engineering  & Tech",tenured staff,5 to 10,Never,Grammarly,P.D. UNDERTAKEN,yes
SR323,Not indicated ,adjunct senior lecturer,5 to 10,Never,Bing AI,NO P.D.,yes
SR324, Health & Medical Sciences,tenured staff,5 to 10,Rarely,Otter,P.D. UNDERTAKEN,no
SR325, Health & Medical Sciences,tenured staff,10 to 15,Sometimes,Dalle-E,INADEQUATE P.D.,no
SR326,"Arts, Business, Law  & Economics",on fixed term ,>15,Rarely,Bing AI,P.D. UNDERTAKEN,yes
SR327, Health & Medical Sciences,tenured staff,>15,Sometimes,Grammarly,P.D. UNDERTAKEN,no
SR328,"Science, Engineering  & Tech",adjunct senior lecturer,>15,Rarely,Elicit,P.D. UNDERTAKEN,maybe
SR329,Not indicated ,tenured staff,0 to 5,Rarely,ChatGPT,P.D. UNDERTAKEN,no
SR330,"Arts, Business, Law  & Economics",on fixed term ,0 to 5,Never,Midjourney,NO P.D.,no
SR331,Not indicated ,on fixed term ,0 to 5,Often,Research Rabbit,INADEQUATE P.D.,no
SR332,Not indicated ,tenured staff,0 to 5,Often,Otter,INADEQUATE P.D.,yes
SR333,"Science, Engineering  & Tech",on fixed term ,0 to 5,Sometimes,Research Rabbit,NO P.D.,no
SR334, Health & Medical Sciences,adjunct senior lecturer,5 to 10,Often,Grammarly,INADEQUATE P.D.,no
SR335, Health & Medical Sciences,adjunct senior lecturer,5 to 10,Rarely,Otter,INADEQUATE P.D.,no
SR336,Not indicated ,tenured staff,>15,Rarely,Otter,INADEQUATE P.D.,no
SR337,"Arts, Business, Law  & Economics",tenured staff,>15,Never,ChatGPT,P.D. UNDERTAKEN,no
SR338, Health & Medical Sciences,tenured staff,10 to 15,Never,Otter,P.D. UNDERTAKEN,no
SR339,"Arts, Business, Law  & Economics",on fixed term ,10 to 15,Often,Dalle-E,NO P.D.,yes
SR340, Health & Medical Sciences,adjunct senior lecturer,0 to 5,Sometimes,Bing AI,P.D. UNDERTAKEN,yes
SR341,"Arts, Business, Law  & Economics",adjunct senior lecturer,5 to 10,Often,Bing AI,INADEQUATE P.D.,yes
SR342,"Science, Engineering  & Tech",on fixed term ,5 to 10,Often,Bing AI,P.D. UNDERTAKEN,yes
SR343,"Arts, Business, Law  & Economics",adjunct senior lecturer,5 to 10,Often,Dalle-E,P.D. UNDERTAKEN,no
SR344,"Science, Engineering  & Tech",tenured staff,10 to 15,Often,Research Rabbit,P.D. UNDERTAKEN,no
SR345,"Science, Engineering  & Tech",tenured staff,>15,Rarely,ChatGPT,P.D. UNDERTAKEN,no
SR346,"Arts, Business, Law  & Economics",tenured staff,>15,Sometimes,Otter,NO P.D.,yes
SR347,"Science, Engineering  & Tech",adjunct senior lecturer,>15,Rarely,Dalle-E,INADEQUATE P.D.,yes
SR348,Not indicated ,tenured staff,0 to 5,Sometimes,Bing AI,INADEQUATE P.D.,no
SR349,"Science, Engineering  & Tech",on fixed term ,0 to 5,Never,Grammarly,NO P.D.,no
SR350, Health & Medical Sciences,on fixed term ,0 to 5,Often,Midjourney,INADEQUATE P.D.,yes
SR351,"Arts, Business, Law  & Economics",adjunct senior lecturer,0 to 5,Rarely,Otter,INADEQUATE P.D.,no
SR352,Not indicated ,on fixed term ,0 to 5,Sometimes,Dalle-E,INADEQUATE P.D.,no
SR353,"Arts, Business, Law  & Economics",on fixed term ,5 to 10,Never,Elicit,P.D. UNDERTAKEN,no
SR354, Health & Medical Sciences,adjunct senior lecturer,5 to 10,Never,Dalle-E,P.D. UNDERTAKEN,yes
SR355, Health & Medical Sciences,tenured staff,>15,Often,ChatGPT,NO P.D.,no
SR356, Health & Medical Sciences,tenured staff,>15,Sometimes,ChatGPT,P.D. UNDERTAKEN,no
SR357,"Science, Engineering  & Tech",tenured staff,10 to 15,Rarely,Dalle-E,INADEQUATE P.D.,no
SR358,"Science, Engineering  & Tech",adjunct senior lecturer,10 to 15,Often,Bing AI,P.D. UNDERTAKEN,yes
SR359,"Arts, Business, Law  & Economics",on fixed term ,>15,Rarely,Midjourney,P.D. UNDERTAKEN,no
SR360,"Arts, Business, Law  & Economics",tenured staff,0 to 5,Never,Otter,P.D. UNDERTAKEN,yes
SR361,Not indicated ,tenured staff,5 to 10,Rarely,ChatGPT,P.D. UNDERTAKEN,no
SR362,Not indicated ,adjunct senior lecturer,5 to 10,Rarely,Otter,NO P.D.,no
SR363,"Arts, Business, Law  & Economics",tenured staff,5 to 10,Often,Bing AI,INADEQUATE P.D.,no
SR364,"Science, Engineering  & Tech",adjunct senior lecturer,10 to 15,Rarely,Otter,INADEQUATE P.D.,no
SR365, Health & Medical Sciences,on fixed term ,>15,Often,Grammarly,NO P.D.,yes
SR366,"Arts, Business, Law  & Economics",adjunct senior lecturer,>15,Never,ChatGPT,INADEQUATE P.D.,no
SR367,Not indicated ,adjunct senior lecturer,>15,Often,Bing AI,INADEQUATE P.D.,yes
SR368,"Science, Engineering  & Tech",adjunct senior lecturer,0 to 5,Often,Bing AI,INADEQUATE P.D.,no
SR369,"Arts, Business, Law  & Economics",adjunct senior lecturer,5 to 10,Sometimes,Midjourney,P.D. UNDERTAKEN,no
SR370,"Arts, Business, Law  & Economics",on fixed term ,5 to 10,Rarely,Midjourney,P.D. UNDERTAKEN,no
SR371,"Science, Engineering  & Tech",on fixed term ,5 to 10,Never,Grammarly,NO P.D.,yes
SR372,"Arts, Business, Law  & Economics",tenured staff,10 to 15,Often,Bing AI,P.D. UNDERTAKEN,no
SR373,"Science, Engineering  & Tech",on fixed term ,>15,Never,Research Rabbit,INADEQUATE P.D.,no
SR374, Health & Medical Sciences,on fixed term ,>15,Sometimes,Bing AI,P.D. UNDERTAKEN,yes
SR375,"Science, Engineering  & Tech",tenured staff,>15,Rarely,Midjourney,P.D. UNDERTAKEN,no
SR376,"Science, Engineering  & Tech",on fixed term ,0 to 5,Often,Research Rabbit,P.D. UNDERTAKEN,no
SR377,"Science, Engineering  & Tech",adjunct senior lecturer,5 to 10,Rarely,ChatGPT,P.D. UNDERTAKEN,yes
SR378,"Arts, Business, Law  & Economics",adjunct senior lecturer,5 to 10,Sometimes,ChatGPT,NO P.D.,no
SR379,"Arts, Business, Law  & Economics",tenured staff,5 to 10,Sometimes,Otter,INADEQUATE P.D.,no
SR380,"Science, Engineering  & Tech",tenured staff,10 to 15,Never,Dalle-E,INADEQUATE P.D.,no
SR381,"Arts, Business, Law  & Economics",tenured staff,>15,Often,Midjourney,NO P.D.,no
SR382,Not indicated ,adjunct senior lecturer,>15,Never,Dalle-E,INADEQUATE P.D.,yes
SR383,Not indicated ,on fixed term ,>15,Sometimes,Research Rabbit,INADEQUATE P.D.,yes
SR384,"Arts, Business, Law  & Economics",adjunct senior lecturer,0 to 5,Rarely,Midjourney,INADEQUATE P.D.,yes
SR385,"Arts, Business, Law  & Economics",tenured staff,0 to 5,Never,Grammarly,P.D. UNDERTAKEN,no
SR386,"Science, Engineering  & Tech",on fixed term ,0 to 5,Never,Bing AI,P.D. UNDERTAKEN,no
SR387, Health & Medical Sciences,on fixed term ,0 to 5,Rarely,Grammarly,NO P.D.,no
SR388,"Arts, Business, Law  & Economics",adjunct senior lecturer,0 to 5,Never,Research Rabbit,P.D. UNDERTAKEN,yes
SR389,Not indicated ,tenured staff,5 to 10,Rarely,Midjourney,INADEQUATE P.D.,no
SR390,"Science, Engineering  & Tech",adjunct senior lecturer,5 to 10,Often,Elicit,P.D. UNDERTAKEN,no
SR391,"Arts, Business, Law  & Economics",on fixed term ,>15,Rarely,Research Rabbit,P.D. UNDERTAKEN,no
SR392,Not indicated ,adjunct senior lecturer,>15,Often,Elicit,P.D. UNDERTAKEN,no
SR393,Not indicated ,adjunct senior lecturer,10 to 15,Rarely,Bing AI,P.D. UNDERTAKEN,no
SR394, Health & Medical Sciences,tenured staff,10 to 15,Sometimes,ChatGPT,NO P.D.,yes
SR395,"Science, Engineering  & Tech",tenured staff,0 to 5,Sometimes,ChatGPT,INADEQUATE P.D.,no
SR396,"Science, Engineering  & Tech",on fixed term ,5 to 10,Often,Research Rabbit,INADEQUATE P.D.,no
SR397, Health & Medical Sciences,adjunct senior lecturer,5 to 10,Often,Dalle-E,NO P.D.,no
SR398, Health & Medical Sciences,adjunct senior lecturer,5 to 10,Sometimes,Midjourney,INADEQUATE P.D.,no
SR399,"Science, Engineering  & Tech",adjunct senior lecturer,10 to 15,Often,Midjourney,INADEQUATE P.D.,no
SR400,"Science, Engineering  & Tech",on fixed term ,>15,Rarely,ChatGPT,INADEQUATE P.D.,no
SR401,"Arts, Business, Law  & Economics",on fixed term ,>15,Rarely,Otter,P.D. UNDERTAKEN,yes
SR402,"Arts, Business, Law  & Economics",tenured staff,>15,Sometimes,Grammarly,P.D. UNDERTAKEN,no
SR403, Health & Medical Sciences,tenured staff,0 to 5,Never,Otter,NO P.D.,no
SR404,"Arts, Business, Law  & Economics",tenured staff,0 to 5,Rarely,Bing AI,P.D. UNDERTAKEN,no
SR405,Not indicated ,adjunct senior lecturer,0 to 5,Often,Grammarly,INADEQUATE P.D.,no
SR406,"Arts, Business, Law  & Economics",adjunct senior lecturer,0 to 5,Never,Grammarly,P.D. UNDERTAKEN,no
SR407,"Arts, Business, Law  & Economics",tenured staff,0 to 5,Never,Research Rabbit,P.D. UNDERTAKEN,no
SR408,Not indicated ,adjunct senior lecturer,5 to 10,Rarely,ChatGPT,P.D. UNDERTAKEN,yes
SR409, Health & Medical Sciences,tenured staff,5 to 10,Rarely,Otter,P.D. UNDERTAKEN,yes
SR410,Not indicated ,on fixed term ,>15,Never,Otter,NO P.D.,yes
SR411,"Arts, Business, Law  & Economics",tenured staff,>15,Never,ChatGPT,INADEQUATE P.D.,no
SR412, Health & Medical Sciences,on fixed term ,10 to 15,Sometimes,Otter,INADEQUATE P.D.,no
SR413,"Arts, Business, Law  & Economics",adjunct senior lecturer,10 to 15,Often,Elicit,NO P.D.,yes
SR414,Not indicated ,tenured staff,>15,Sometimes,ChatGPT,INADEQUATE P.D.,yes
SR415,Not indicated ,adjunct senior lecturer,0 to 5,Rarely,Research Rabbit,INADEQUATE P.D.,yes
SR416,"Arts, Business, Law  & Economics",on fixed term ,5 to 10,Sometimes,Dalle-E,INADEQUATE P.D.,no
SR417,"Science, Engineering  & Tech",on fixed term ,5 to 10,Sometimes,Grammarly,P.D. UNDERTAKEN,no
SR418,"Science, Engineering  & Tech",on fixed term ,5 to 10,Sometimes,Research Rabbit,P.D. UNDERTAKEN,no
SR419,Not indicated ,adjunct senior lecturer,10 to 15,Sometimes,Midjourney,NO P.D.,no
SR420,Not indicated ,adjunct senior lecturer,>15,Often,Bing AI,P.D. UNDERTAKEN,no
SR421,"Science, Engineering  & Tech",adjunct senior lecturer,>15,Often,Dalle-E,INADEQUATE P.D.,yes
SR422,"Science, Engineering  & Tech",adjunct senior lecturer,>15,Never,Midjourney,P.D. UNDERTAKEN,no
SR423,"Arts, Business, Law  & Economics",on fixed term ,0 to 5,Rarely,Grammarly,P.D. UNDERTAKEN,yes
SR424,"Arts, Business, Law  & Economics",on fixed term ,5 to 10,Sometimes,Otter,P.D. UNDERTAKEN,no
SR425,"Science, Engineering  & Tech",tenured staff,5 to 10,Never,ChatGPT,P.D. UNDERTAKEN,no
SR426,"Arts, Business, Law  & Economics",tenured staff,5 to 10,Never,Grammarly,NO P.D.,no
SR427,"Arts, Business, Law  & Economics",adjunct senior lecturer,10 to 15,Never,Research Rabbit,INADEQUATE P.D.,no
SR428, Health & Medical Sciences,on fixed term ,>15,Often,Bing AI,INADEQUATE P.D.,no
SR429,"Arts, Business, Law  & Economics",on fixed term ,>15,Sometimes,Research Rabbit,NO P.D.,no
SR430,Not indicated ,on fixed term ,>15,Sometimes,Dalle-E,INADEQUATE P.D.,yes
SR431,"Arts, Business, Law  & Economics",tenured staff,0 to 5,Rarely,Dalle-E,INADEQUATE P.D.,no
SR432,"Arts, Business, Law  & Economics",tenured staff,5 to 10,Sometimes,Bing AI,INADEQUATE P.D.,no
SR433,"Science, Engineering  & Tech",on fixed term ,5 to 10,Sometimes,Elicit,P.D. UNDERTAKEN,yes
SR434,Not indicated ,on fixed term ,5 to 10,Never,Midjourney,P.D. UNDERTAKEN,no
SR435,"Arts, Business, Law  & Economics",on fixed term ,10 to 15,Rarely,Midjourney,NO P.D.,yes
SR436,"Arts, Business, Law  & Economics",tenured staff,>15,Sometimes,Dalle-E,P.D. UNDERTAKEN,no
SR437, Health & Medical Sciences,on fixed term ,>15,Often,Dalle-E,INADEQUATE P.D.,no
SR438,"Arts, Business, Law  & Economics",on fixed term ,>15,Sometimes,Otter,P.D. UNDERTAKEN,yes
SR439,"Arts, Business, Law  & Economics",adjunct senior lecturer,0 to 5,Never,ChatGPT,P.D. UNDERTAKEN,no
SR440, Health & Medical Sciences,adjunct senior lecturer,0 to 5,Often,Otter,P.D. UNDERTAKEN,no
SR441,"Science, Engineering  & Tech",tenured staff,0 to 5,Never,Otter,P.D. UNDERTAKEN,yes
SR442,"Arts, Business, Law  & Economics",on fixed term ,0 to 5,Sometimes,Elicit,NO P.D.,no
SR443, Health & Medical Sciences,on fixed term ,0 to 5,Often,Midjourney,INADEQUATE P.D.,no
SR444,Not indicated ,adjunct senior lecturer,5 to 10,Rarely,Elicit,INADEQUATE P.D.,no
SR445,"Science, Engineering  & Tech",tenured staff,5 to 10,Rarely,Elicit,NO P.D.,yes
SR446,Not indicated ,adjunct senior lecturer,>15,Often,Bing AI,INADEQUATE P.D.,no
SR447,Not indicated ,adjunct senior lecturer,>15,Often,Midjourney,INADEQUATE P.D.,no
SR448, Health & Medical Sciences,adjunct senior lecturer,10 to 15,Never,ChatGPT,INADEQUATE P.D.,no
SR449,"Arts, Business, Law  & Economics",adjunct senior lecturer,10 to 15,Often,Research Rabbit,P.D. UNDERTAKEN,no
SR450, Health & Medical Sciences,on fixed term ,0 to 5,Never,Dalle-E,P.D. UNDERTAKEN,no
SR451, Health & Medical Sciences,on fixed term ,5 to 10,Sometimes,Dalle-E,NO P.D.,no
SR452, Health & Medical Sciences,adjunct senior lecturer,5 to 10,Never,ChatGPT,P.D. UNDERTAKEN,no
SR453, Health & Medical Sciences,tenured staff,5 to 10,Often,Elicit,INADEQUATE P.D.,yes
SR454,"Science, Engineering  & Tech",tenured staff,10 to 15,Often,Otter,P.D. UNDERTAKEN,yes
SR455,"Arts, Business, Law  & Economics",tenured staff,>15,Sometimes,Bing AI,P.D. UNDERTAKEN,no
SR456,Not indicated ,tenured staff,>15,Often,Elicit,P.D. UNDERTAKEN,yes
SR457,Not indicated ,adjunct senior lecturer,>15,Often,Dalle-E,P.D. UNDERTAKEN,no
SR458,"Arts, Business, Law  & Economics",on fixed term ,0 to 5,Rarely,Grammarly,NO P.D.,no
SR459,Not indicated ,tenured staff,0 to 5,Rarely,Otter,INADEQUATE P.D.,yes
SR460,"Arts, Business, Law  & Economics",adjunct senior lecturer,0 to 5,Sometimes,Dalle-E,INADEQUATE P.D.,yes
SR461,Not indicated ,tenured staff,0 to 5,Never,Grammarly,NO P.D.,no
SR462, Health & Medical Sciences,tenured staff,0 to 5,Rarely,Elicit,INADEQUATE P.D.,no
SR463,Not indicated ,adjunct senior lecturer,5 to 10,Never,ChatGPT,INADEQUATE P.D.,no
SR464,"Arts, Business, Law  & Economics",on fixed term ,5 to 10,Often,ChatGPT,INADEQUATE P.D.,no
SR465,"Arts, Business, Law  & Economics",on fixed term ,>15,Rarely,Otter,P.D. UNDERTAKEN,yes
SR466,"Arts, Business, Law  & Economics",adjunct senior lecturer,>15,Sometimes,Dalle-E,P.D. UNDERTAKEN,no
SR467,"Arts, Business, Law  & Economics",on fixed term ,10 to 15,Sometimes,Midjourney,NO P.D.,yes
SR468,"Arts, Business, Law  & Economics",adjunct senior lecturer,10 to 15,Sometimes,Grammarly,P.D. UNDERTAKEN,no
SR469,"Science, Engineering  & Tech",adjunct senior lecturer,>15,Rarely,Bing AI,INADEQUATE P.D.,no
SR470,"Science, Engineering  & Tech",adjunct senior lecturer,0 to 5,Never,Dalle-E,P.D. UNDERTAKEN,no
SR471,Not indicated ,on fixed term ,5 to 10,Often,Bing AI,P.D. UNDERTAKEN,no
SR472,"Arts, Business, Law  & Economics",adjunct senior lecturer,5 to 10,Never,Dalle-E,P.D. UNDERTAKEN,no
SR473,Not indicated ,tenured staff,5 to 10,Never,Midjourney,P.D. UNDERTAKEN,yes
SR474,"Arts, Business, Law  & Economics",on fixed term ,10 to 15,Often,Midjourney,NO P.D.,yes
SR475,"Arts, Business, Law  & Economics",on fixed term ,>15,Often,Otter,INADEQUATE P.D.,no
SR476,"Science, Engineering  & Tech",on fixed term ,>15,Rarely,Otter,INADEQUATE P.D.,no
SR477,"Science, Engineering  & Tech",on fixed term ,>15,Rarely,Midjourney,NO P.D.,no
SR478, Health & Medical Sciences,tenured staff,0 to 5,Rarely,Research Rabbit,INADEQUATE P.D.,no
SR479,"Science, Engineering  & Tech",on fixed term ,5 to 10,Rarely,Midjourney,INADEQUATE P.D.,yes
SR480, Health & Medical Sciences,on fixed term ,5 to 10,Rarely,ChatGPT,INADEQUATE P.D.,no
SR481, Health & Medical Sciences,adjunct senior lecturer,5 to 10,Often,ChatGPT,P.D. UNDERTAKEN,no
SR482, Health & Medical Sciences,on fixed term ,10 to 15,Never,Research Rabbit,P.D. UNDERTAKEN,no
SR483, Health & Medical Sciences,tenured staff,>15,Rarely,Elicit,NO P.D.,no
SR484, Health & Medical Sciences,tenured staff,>15,Rarely,Grammarly,P.D. UNDERTAKEN,no
SR485,Not indicated ,tenured staff,>15,Never,Elicit,INADEQUATE P.D.,no
SR486,"Science, Engineering  & Tech",tenured staff,0 to 5,Rarely,Bing AI,P.D. UNDERTAKEN,no
SR487, Health & Medical Sciences,on fixed term ,5 to 10,Never,Elicit,P.D. UNDERTAKEN,no
SR488,"Arts, Business, Law  & Economics",on fixed term ,5 to 10,Never,Dalle-E,P.D. UNDERTAKEN,no
SR489,"Science, Engineering  & Tech",tenured staff,5 to 10,Often,Elicit,P.D. UNDERTAKEN,no
SR490,"Science, Engineering  & Tech",tenured staff,10 to 15,Sometimes,Dalle-E,NO P.D.,yes
SR491, Health & Medical Sciences,on fixed term ,>15,Often,Research Rabbit,INADEQUATE P.D.,yes
SR492,Not indicated ,tenured staff,>15,Sometimes,ChatGPT,INADEQUATE P.D.,no
SR493, Health & Medical Sciences,adjunct senior lecturer,>15,Sometimes,Otter,NO P.D.,yes
SR494,Not indicated ,tenured staff,0 to 5,Sometimes,Dalle-E,INADEQUATE P.D.,yes
SR495,"Arts, Business, Law  & Economics",tenured staff,0 to 5,Rarely,ChatGPT,INADEQUATE P.D.,no
SR496,"Science, Engineering  & Tech",adjunct senior lecturer,0 to 5,Often,Grammarly,INADEQUATE P.D.,no
SR497,"Arts, Business, Law  & Economics",adjunct senior lecturer,0 to 5,Sometimes,Bing AI,P.D. UNDERTAKEN,no
SR498,Not indicated ,on fixed term ,0 to 5,Never,Grammarly,P.D. UNDERTAKEN,no
SR499,Not indicated ,on fixed term ,5 to 10,Rarely,Research Rabbit,NO P.D.,no
SR500,"Arts, Business, Law  & Economics",adjunct senior lecturer,5 to 10,Often,Elicit,P.D. UNDERTAKEN,no
SR501,Not indicated ,adjunct senior lecturer,>15,Sometimes,Elicit,INADEQUATE P.D.,no
SR502,"Arts, Business, Law  & Economics",on fixed term ,>15,Never,Midjourney,P.D. UNDERTAKEN,yes
SR503,"Science, Engineering  & Tech",tenured staff,10 to 15,Often,Midjourney,P.D. UNDERTAKEN,no
SR504,"Arts, Business, Law  & Economics",adjunct senior lecturer,10 to 15,Often,Midjourney,P.D. UNDERTAKEN,no
SR505,"Science, Engineering  & Tech",on fixed term ,0 to 5,Rarely,Grammarly,P.D. UNDERTAKEN,yes
SR506,"Arts, Business, Law  & Economics",tenured staff,5 to 10,Often,Dalle-E,NO P.D.,no
SR507,Not indicated ,adjunct senior lecturer,5 to 10,Rarely,Bing AI,INADEQUATE P.D.,no
SR508,"Arts, Business, Law  & Economics",tenured staff,5 to 10,Sometimes,Midjourney,INADEQUATE P.D.,no
SR509,Not indicated ,on fixed term ,10 to 15,Rarely,Research Rabbit,NO P.D.,no
SR510,"Arts, Business, Law  & Economics",adjunct senior lecturer,>15,Never,Research Rabbit,INADEQUATE P.D.,no
SR511,"Arts, Business, Law  & Economics",tenured staff,>15,Rarely,Midjourney,INADEQUATE P.D.,yes
SR512, Health & Medical Sciences,adjunct senior lecturer,>15,Never,Elicit,INADEQUATE P.D.,no
SR513,Not indicated ,tenured staff,0 to 5,Rarely,Midjourney,P.D. UNDERTAKEN,no
SR514, Health & Medical Sciences,on fixed term ,0 to 5,Often,Bing AI,P.D. UNDERTAKEN,no
SR515,Not indicated ,on fixed term ,0 to 5,Sometimes,Midjourney,NO P.D.,yes
SR516, Health & Medical Sciences,adjunct senior lecturer,0 to 5,Never,Bing AI,P.D. UNDERTAKEN,no
SR517,"Science, Engineering  & Tech",tenured staff,0 to 5,Rarely,Research Rabbit,INADEQUATE P.D.,no
SR518,"Arts, Business, Law  & Economics",adjunct senior lecturer,5 to 10,Rarely,Midjourney,P.D. UNDERTAKEN,yes
SR519,Not indicated ,adjunct senior lecturer,5 to 10,Rarely,Grammarly,P.D. UNDERTAKEN,no
SR520,Not indicated ,tenured staff,>15,Often,Otter,P.D. UNDERTAKEN,no
SR521,"Arts, Business, Law  & Economics",tenured staff,>15,Often,Grammarly,P.D. UNDERTAKEN,yes
SR522,Not indicated ,tenured staff,10 to 15,Never,Research Rabbit,NO P.D.,no
SR523,Not indicated ,on fixed term ,10 to 15,Never,Bing AI,INADEQUATE P.D.,yes
SR524, Health & Medical Sciences,adjunct senior lecturer,0 to 5,Often,Grammarly,INADEQUATE P.D.,no
SR525,Not indicated ,adjunct senior lecturer,5 to 10,Never,Bing AI,NO P.D.,no
SR526,"Science, Engineering  & Tech",on fixed term ,5 to 10,Sometimes,Grammarly,INADEQUATE P.D.,no
SR527,"Science, Engineering  & Tech",tenured staff,5 to 10,Sometimes,Grammarly,INADEQUATE P.D.,yes
SR528,"Arts, Business, Law  & Economics",on fixed term ,10 to 15,Often,Bing AI,INADEQUATE P.D.,no
SR529,Not indicated ,on fixed term ,>15,Never,Dalle-E,P.D. UNDERTAKEN,no
SR530,"Arts, Business, Law  & Economics",on fixed term ,>15,Rarely,Grammarly,P.D. UNDERTAKEN,yes
SR531,"Science, Engineering  & Tech",adjunct senior lecturer,>15,Sometimes,Midjourney,NO P.D.,no
SR532,Not indicated ,on fixed term ,0 to 5,Often,Otter,P.D. UNDERTAKEN,no
SR533,Not indicated ,adjunct senior lecturer,5 to 10,Never,Research Rabbit,INADEQUATE P.D.,no
SR534,"Arts, Business, Law  & Economics",adjunct senior lecturer,5 to 10,Often,Dalle-E,P.D. UNDERTAKEN,yes
SR535,"Science, Engineering  & Tech",adjunct senior lecturer,5 to 10,Rarely,Bing AI,P.D. UNDERTAKEN,no
SR536,Not indicated ,tenured staff,10 to 15,Sometimes,Dalle-E,P.D. UNDERTAKEN,yes
SR537,"Arts, Business, Law  & Economics",adjunct senior lecturer,>15,Often,ChatGPT,P.D. UNDERTAKEN,yes
SR538,"Science, Engineering  & Tech",adjunct senior lecturer,>15,Often,ChatGPT,NO P.D.,no
SR539,"Arts, Business, Law  & Economics",tenured staff,>15,Often,Grammarly,INADEQUATE P.D.,no
SR540, Health & Medical Sciences,adjunct senior lecturer,0 to 5,Rarely,Grammarly,INADEQUATE P.D.,yes
SR541,Not indicated ,on fixed term ,0 to 5,Often,Midjourney,NO P.D.,no
SR542, Health & Medical Sciences,on fixed term ,0 to 5,Rarely,Otter,INADEQUATE P.D.,no
SR543,"Science, Engineering  & Tech",adjunct senior lecturer,0 to 5,Rarely,Research Rabbit,INADEQUATE P.D.,no
SR544, Health & Medical Sciences,tenured staff,0 to 5,Rarely,Dalle-E,INADEQUATE P.D.,no
SR545, Health & Medical Sciences,on fixed term ,5 to 10,Sometimes,ChatGPT,P.D. UNDERTAKEN,no
SR546,"Science, Engineering  & Tech",tenured staff,5 to 10,Sometimes,Grammarly,P.D. UNDERTAKEN,no
SR547,"Arts, Business, Law  & Economics",tenured staff,>15,Often,Elicit,NO P.D.,no
SR548, Health & Medical Sciences,on fixed term ,>15,Often,Elicit,P.D. UNDERTAKEN,no
SR549,"Arts, Business, Law  & Economics",tenured staff,10 to 15,Sometimes,Research Rabbit,INADEQUATE P.D.,no
SR550, Health & Medical Sciences,on fixed term ,10 to 15,Never,Dalle-E,P.D. UNDERTAKEN,no
SR551,"Arts, Business, Law  & Economics",tenured staff,0 to 5,Sometimes,Grammarly,P.D. UNDERTAKEN,no
SR552,"Science, Engineering  & Tech",on fixed term ,5 to 10,Rarely,Grammarly,P.D. UNDERTAKEN,no
SR553, Health & Medical Sciences,adjunct senior lecturer,5 to 10,Sometimes,ChatGPT,P.D. UNDERTAKEN,no
SR554,"Science, Engineering  & Tech",on fixed term ,5 to 10,Rarely,ChatGPT,NO P.D.,yes
SR555, Health & Medical Sciences,on fixed term ,10 to 15,Often,Grammarly,INADEQUATE P.D.,no
SR556,"Science, Engineering  & Tech",on fixed term ,>15,Never,Bing AI,INADEQUATE P.D.,yes
SR557,"Science, Engineering  & Tech",on fixed term ,>15,Often,Grammarly,NO P.D.,no
SR558, Health & Medical Sciences,tenured staff,>15,Rarely,Research Rabbit,INADEQUATE P.D.,yes
SR559, Health & Medical Sciences,adjunct senior lecturer,0 to 5,Rarely,Grammarly,INADEQUATE P.D.,no
SR560, Health & Medical Sciences,on fixed term ,0 to 5,Rarely,Midjourney,INADEQUATE P.D.,no
SR561,Not indicated ,tenured staff,0 to 5,Never,Otter,P.D. UNDERTAKEN,no
SR562,"Arts, Business, Law  & Economics",adjunct senior lecturer,0 to 5,Sometimes,Midjourney,P.D. UNDERTAKEN,yes
SR563,Not indicated ,adjunct senior lecturer,0 to 5,Often,Midjourney,NO P.D.,no
SR564,Not indicated ,adjunct senior lecturer,5 to 10,Often,Bing AI,P.D. UNDERTAKEN,no
SR565,"Science, Engineering  & Tech",adjunct senior lecturer,5 to 10,Sometimes,Bing AI,INADEQUATE P.D.,no
SR566, Health & Medical Sciences,on fixed term ,0 to 5,Often,Elicit,P.D. UNDERTAKEN,yes
SR567,"Arts, Business, Law  & Economics",on fixed term ,5 to 10,Never,Grammarly,P.D. UNDERTAKEN,yes
SR568,"Science, Engineering  & Tech",tenured staff,5 to 10,Often,Midjourney,P.D. UNDERTAKEN,yes
SR569,Not indicated ,tenured staff,5 to 10,Rarely,Bing AI,P.D. UNDERTAKEN,yes
SR570, Health & Medical Sciences,tenured staff,10 to 15,Sometimes,ChatGPT,NO P.D.,no
SR571,"Science, Engineering  & Tech",adjunct senior lecturer,>15,Never,Grammarly,INADEQUATE P.D.,no
SR572, Health & Medical Sciences,adjunct senior lecturer,>15,Sometimes,Research Rabbit,INADEQUATE P.D.,no
SR573,"Science, Engineering  & Tech",on fixed term ,>15,Never,Otter,NO P.D.,no
SR574, Health & Medical Sciences,adjunct senior lecturer,0 to 5,Rarely,Dalle-E,INADEQUATE P.D.,no
SR575,Not indicated ,adjunct senior lecturer,5 to 10,Sometimes,Grammarly,INADEQUATE P.D.,no
SR576,"Arts, Business, Law  & Economics",adjunct senior lecturer,5 to 10,Often,Dalle-E,INADEQUATE P.D.,no
SR577,Not indicated ,tenured staff,5 to 10,Never,Midjourney,P.D. UNDERTAKEN,no
SR578,"Arts, Business, Law  & Economics",tenured staff,10 to 15,Sometimes,Otter,P.D. UNDERTAKEN,no
SR579, Health & Medical Sciences,on fixed term ,>15,Often,Dalle-E,NO P.D.,no
SR580,"Science, Engineering  & Tech",adjunct senior lecturer,>15,Sometimes,Midjourney,P.D. UNDERTAKEN,no
SR581,Not indicated ,adjunct senior lecturer,>15,Sometimes,ChatGPT,INADEQUATE P.D.,no
SR582,"Arts, Business, Law  & Economics",on fixed term ,0 to 5,Sometimes,Dalle-E,P.D. UNDERTAKEN,no
SR583,Not indicated ,adjunct senior lecturer,0 to 5,Never,Otter,P.D. UNDERTAKEN,no
SR584,"Arts, Business, Law  & Economics",adjunct senior lecturer,0 to 5,Often,Elicit,P.D. UNDERTAKEN,no
SR585,Not indicated ,tenured staff,0 to 5,Rarely,Grammarly,P.D. UNDERTAKEN,yes
SR586,"Arts, Business, Law  & Economics",on fixed term ,0 to 5,Never,Midjourney,NO P.D.,no
SR587,"Arts, Business, Law  & Economics",on fixed term ,5 to 10,Never,Grammarly,INADEQUATE P.D.,no
SR588, Health & Medical Sciences,on fixed term ,5 to 10,Never,Otter,INADEQUATE P.D.,no
SR589,"Arts, Business, Law  & Economics",on fixed term ,>15,Rarely,Bing AI,NO P.D.,no
SR590, Health & Medical Sciences,tenured staff,>15,Often,Midjourney,INADEQUATE P.D.,no
SR591,"Arts, Business, Law  & Economics",tenured staff,10 to 15,Often,Dalle-E,INADEQUATE P.D.,no
SR592,"Science, Engineering  & Tech",adjunct senior lecturer,10 to 15,Often,Midjourney,INADEQUATE P.D.,yes
SR593,"Science, Engineering  & Tech",adjunct senior lecturer,0 to 5,Sometimes,Grammarly,P.D. UNDERTAKEN,yes
SR594,"Science, Engineering  & Tech",adjunct senior lecturer,5 to 10,Sometimes,ChatGPT,P.D. UNDERTAKEN,no
SR595,"Arts, Business, Law  & Economics",adjunct senior lecturer,5 to 10,Sometimes,Midjourney,NO P.D.,no
SR596, Health & Medical Sciences,tenured staff,5 to 10,Rarely,Dalle-E,P.D. UNDERTAKEN,no
SR597, Health & Medical Sciences,on fixed term ,10 to 15,Sometimes,Bing AI,INADEQUATE P.D.,no
SR598,"Arts, Business, Law  & Economics",tenured staff,>15,Rarely,Elicit,P.D. UNDERTAKEN,yes
SR599,"Science, Engineering  & Tech",adjunct senior lecturer,>15,Often,Research Rabbit,P.D. UNDERTAKEN,no
SR600,"Science, Engineering  & Tech",tenured staff,>15,Sometimes,ChatGPT,P.D. UNDERTAKEN,no
SR601, Health & Medical Sciences,on fixed term ,0 to 5,Sometimes,Elicit,P.D. UNDERTAKEN,yes
SR602,"Science, Engineering  & Tech",on fixed term ,0 to 5,Never,Bing AI,NO P.D.,no
SR603,Not indicated ,tenured staff,0 to 5,Rarely,Midjourney,INADEQUATE P.D.,yes
SR604, Health & Medical Sciences,tenured staff,0 to 5,Often,Grammarly,INADEQUATE P.D.,no
SR605,"Science, Engineering  & Tech",tenured staff,0 to 5,Never,Otter,NO P.D.,yes
SR606, Health & Medical Sciences,adjunct senior lecturer,5 to 10,Never,Grammarly,INADEQUATE P.D.,yes
SR607,Not indicated ,tenured staff,5 to 10,Often,Elicit,INADEQUATE P.D.,no
SR608, Health & Medical Sciences,tenured staff,0 to 5,Never,Dalle-E,INADEQUATE P.D.,no
SR609, Health & Medical Sciences,tenured staff,5 to 10,Rarely,Grammarly,P.D. UNDERTAKEN,yes
SR610, Health & Medical Sciences,on fixed term ,5 to 10,Rarely,ChatGPT,P.D. UNDERTAKEN,no
SR611, Health & Medical Sciences,on fixed term ,5 to 10,Sometimes,Grammarly,NO P.D.,no
SR612,Not indicated ,adjunct senior lecturer,10 to 15,Never,Dalle-E,P.D. UNDERTAKEN,no
SR613,"Arts, Business, Law  & Economics",adjunct senior lecturer,>15,Sometimes,Research Rabbit,INADEQUATE P.D.,no
SR614, Health & Medical Sciences,on fixed term ,>15,Never,Midjourney,P.D. UNDERTAKEN,no
SR615, Health & Medical Sciences,on fixed term ,>15,Rarely,Otter,P.D. UNDERTAKEN,no
SR616,"Science, Engineering  & Tech",on fixed term ,0 to 5,Rarely,Elicit,P.D. UNDERTAKEN,no
SR617, Health & Medical Sciences,tenured staff,5 to 10,Rarely,Midjourney,P.D. UNDERTAKEN,yes
SR618,"Science, Engineering  & Tech",tenured staff,5 to 10,Never,Grammarly,NO P.D.,yes
SR619,"Arts, Business, Law  & Economics",on fixed term ,5 to 10,Rarely,Bing AI,INADEQUATE P.D.,yes
SR620,Not indicated ,tenured staff,10 to 15,Never,Midjourney,INADEQUATE P.D.,no
SR621,Not indicated ,tenured staff,>15,Sometimes,Research Rabbit,NO P.D.,no
SR622,"Arts, Business, Law  & Economics",adjunct senior lecturer,>15,Never,Grammarly,INADEQUATE P.D.,yes
SR623,Not indicated ,on fixed term ,>15,Sometimes,Otter,INADEQUATE P.D.,no
SR624,"Arts, Business, Law  & Economics",on fixed term ,0 to 5,Never,Dalle-E,INADEQUATE P.D.,yes
SR625,"Arts, Business, Law  & Economics",tenured staff,0 to 5,Sometimes,Research Rabbit,P.D. UNDERTAKEN,yes
SR626,"Arts, Business, Law  & Economics",on fixed term ,0 to 5,Rarely,Grammarly,P.D. UNDERTAKEN,no
SR627,Not indicated ,adjunct senior lecturer,0 to 5,Sometimes,Research Rabbit,NO P.D.,no
SR628,"Science, Engineering  & Tech",adjunct senior lecturer,0 to 5,Rarely,Midjourney,P.D. UNDERTAKEN,no
SR629,"Arts, Business, Law  & Economics",adjunct senior lecturer,5 to 10,Rarely,Otter,INADEQUATE P.D.,no
SR630, Health & Medical Sciences,on fixed term ,5 to 10,Sometimes,Dalle-E,P.D. UNDERTAKEN,yes
SR631,Not indicated ,on fixed term ,>15,Never,Grammarly,P.D. UNDERTAKEN,no
SR632,"Arts, Business, Law  & Economics",on fixed term ,>15,Never,ChatGPT,P.D. UNDERTAKEN,no
SR633,"Arts, Business, Law  & Economics",on fixed term ,10 to 15,Often,Elicit,P.D. UNDERTAKEN,no
SR634, Health & Medical Sciences,on fixed term ,10 to 15,Never,Dalle-E,NO P.D.,no
SR635,"Science, Engineering  & Tech",adjunct senior lecturer,0 to 5,Often,ChatGPT,INADEQUATE P.D.,no
SR636,"Science, Engineering  & Tech",tenured staff,5 to 10,Never,Research Rabbit,INADEQUATE P.D.,yes
SR637,"Science, Engineering  & Tech",adjunct senior lecturer,5 to 10,Never,Bing AI,NO P.D.,no
SR638,"Arts, Business, Law  & Economics",on fixed term ,5 to 10,Rarely,Dalle-E,INADEQUATE P.D.,yes
SR639,"Arts, Business, Law  & Economics",adjunct senior lecturer,10 to 15,Often,Research Rabbit,INADEQUATE P.D.,yes
SR640,"Arts, Business, Law  & Economics",on fixed term ,>15,Never,ChatGPT,INADEQUATE P.D.,yes
SR641,Not indicated ,on fixed term ,>15,Often,Midjourney,P.D. UNDERTAKEN,yes
SR642, Health & Medical Sciences,adjunct senior lecturer,>15,Rarely,Midjourney,P.D. UNDERTAKEN,yes
SR643,"Arts, Business, Law  & Economics",on fixed term ,0 to 5,Rarely,Bing AI,NO P.D.,no
SR644, Health & Medical Sciences,tenured staff,0 to 5,Often,Elicit,P.D. UNDERTAKEN,no
SR645, Health & Medical Sciences,on fixed term ,0 to 5,Rarely,Dalle-E,INADEQUATE P.D.,yes
SR646,"Science, Engineering  & Tech",tenured staff,0 to 5,Sometimes,Dalle-E,P.D. UNDERTAKEN,yes
SR647,Not indicated ,tenured staff,0 to 5,Sometimes,Dalle-E,P.D. UNDERTAKEN,no
SR648,"Arts, Business, Law  & Economics",on fixed term ,5 to 10,Rarely,Elicit,P.D. UNDERTAKEN,no
SR649,"Science, Engineering  & Tech",adjunct senior lecturer,5 to 10,Sometimes,Research Rabbit,P.D. UNDERTAKEN,no
SR650,"Science, Engineering  & Tech",tenured staff,0 to 5,Never,Otter,NO P.D.,no
SR651,"Arts, Business, Law  & Economics",adjunct senior lecturer,5 to 10,Often,Otter,INADEQUATE P.D.,no
SR652, Health & Medical Sciences,tenured staff,5 to 10,Never,Bing AI,INADEQUATE P.D.,yes
SR653,"Science, Engineering  & Tech",on fixed term ,5 to 10,Often,Dalle-E,NO P.D.,yes
SR654, Health & Medical Sciences,on fixed term ,10 to 15,Rarely,Research Rabbit,INADEQUATE P.D.,no
SR655,Not indicated ,tenured staff,>15,Never,Midjourney,INADEQUATE P.D.,no
SR656, Health & Medical Sciences,on fixed term ,>15,Rarely,ChatGPT,INADEQUATE P.D.,no
SR657,Not indicated ,tenured staff,>15,Rarely,Research Rabbit,P.D. UNDERTAKEN,no
SR658, Health & Medical Sciences,on fixed term ,0 to 5,Often,Elicit,P.D. UNDERTAKEN,yes
SR659,"Science, Engineering  & Tech",adjunct senior lecturer,5 to 10,Often,Otter,NO P.D.,no
SR660,"Science, Engineering  & Tech",on fixed term ,5 to 10,Often,Otter,P.D. UNDERTAKEN,no
SR661,Not indicated ,adjunct senior lecturer,5 to 10,Never,Midjourney,INADEQUATE P.D.,no
SR662,"Arts, Business, Law  & Economics",on fixed term ,10 to 15,Sometimes,Midjourney,P.D. UNDERTAKEN,yes
SR663,Not indicated ,adjunct senior lecturer,>15,Often,Elicit,P.D. UNDERTAKEN,no
SR664,Not indicated ,on fixed term ,>15,Often,ChatGPT,P.D. UNDERTAKEN,no
SR665, Health & Medical Sciences,adjunct senior lecturer,>15,Never,Midjourney,P.D. UNDERTAKEN,no
SR666, Health & Medical Sciences,tenured staff,0 to 5,Often,Bing AI,NO P.D.,yes
SR667,Not indicated ,tenured staff,0 to 5,Never,ChatGPT,INADEQUATE P.D.,no
SR668,"Science, Engineering  & Tech",adjunct senior lecturer,0 to 5,Rarely,Midjourney,INADEQUATE P.D.,no
SR669, Health & Medical Sciences,on fixed term ,0 to 5,Often,Grammarly,NO P.D.,no
SR670,"Arts, Business, Law  & Economics",adjunct senior lecturer,0 to 5,Often,Research Rabbit,INADEQUATE P.D.,yes
SR671, Health & Medical Sciences,on fixed term ,5 to 10,Rarely,Midjourney,INADEQUATE P.D.,no
SR672, Health & Medical Sciences,tenured staff,5 to 10,Rarely,Bing AI,INADEQUATE P.D.,no
SR673,"Arts, Business, Law  & Economics",on fixed term ,>15,Rarely,Dalle-E,P.D. UNDERTAKEN,no
SR674,Not indicated ,tenured staff,>15,Often,Midjourney,P.D. UNDERTAKEN,no
SR675,"Arts, Business, Law  & Economics",on fixed term ,10 to 15,Sometimes,Otter,NO P.D.,no
SR676,Not indicated ,on fixed term ,10 to 15,Sometimes,Otter,P.D. UNDERTAKEN,no
SR677,Not indicated ,on fixed term ,0 to 5,Sometimes,Otter,INADEQUATE P.D.,yes
SR678,Not indicated ,adjunct senior lecturer,5 to 10,Often,Dalle-E,P.D. UNDERTAKEN,no
SR679,"Arts, Business, Law  & Economics",adjunct senior lecturer,5 to 10,Rarely,Otter,P.D. UNDERTAKEN,no
SR680,Not indicated ,tenured staff,5 to 10,Often,Grammarly,P.D. UNDERTAKEN,yes
SR681,"Science, Engineering  & Tech",tenured staff,10 to 15,Rarely,Midjourney,P.D. UNDERTAKEN,no
SR682,"Arts, Business, Law  & Economics",adjunct senior lecturer,>15,Often,Elicit,NO P.D.,yes
SR683,"Science, Engineering  & Tech",tenured staff,>15,Often,Otter,INADEQUATE P.D.,no
SR684,Not indicated ,adjunct senior lecturer,>15,Rarely,ChatGPT,INADEQUATE P.D.,yes
SR685, Health & Medical Sciences,on fixed term ,0 to 5,Sometimes,Elicit,NO P.D.,no
SR686,Not indicated ,tenured staff,0 to 5,Rarely,Dalle-E,INADEQUATE P.D.,yes
SR687,"Science, Engineering  & Tech",tenured staff,0 to 5,Never,Grammarly,INADEQUATE P.D.,no
SR688,"Science, Engineering  & Tech",adjunct senior lecturer,0 to 5,Never,ChatGPT,INADEQUATE P.D.,no
SR689,"Arts, Business, Law  & Economics",tenured staff,0 to 5,Rarely,ChatGPT,P.D. UNDERTAKEN,yes
SR690, Health & Medical Sciences,tenured staff,5 to 10,Often,ChatGPT,P.D. UNDERTAKEN,no
SR691,"Arts, Business, Law  & Economics",on fixed term ,5 to 10,Never,ChatGPT,NO P.D.,no
SR692,"Science, Engineering  & Tech",tenured staff,0 to 5,Never,Elicit,P.D. UNDERTAKEN,no
SR693,Not indicated ,on fixed term ,5 to 10,Often,Elicit,INADEQUATE P.D.,no
SR694, Health & Medical Sciences,adjunct senior lecturer,5 to 10,Often,Midjourney,P.D. UNDERTAKEN,yes
SR695,Not indicated ,tenured staff,5 to 10,Sometimes,Otter,NO P.D.,yes
SR696,Not indicated ,on fixed term ,10 to 15,Often,Research Rabbit,INADEQUATE P.D.,no
SR697, Health & Medical Sciences,adjunct senior lecturer,>15,Rarely,Midjourney,INADEQUATE P.D.,no
SR698,"Arts, Business, Law  & Economics",tenured staff,>15,Rarely,Midjourney,NO P.D.,no
SR699,Not indicated ,adjunct senior lecturer,>15,Sometimes,Grammarly,INADEQUATE P.D.,yes
SR700,"Science, Engineering  & Tech",tenured staff,0 to 5,Never,Grammarly,INADEQUATE P.D.,yes
SR701,Not indicated ,adjunct senior lecturer,5 to 10,Never,Otter,INADEQUATE P.D.,yes
SR702, Health & Medical Sciences,adjunct senior lecturer,5 to 10,Often,Research Rabbit,P.D. UNDERTAKEN,no
SR703, Health & Medical Sciences,on fixed term ,5 to 10,Rarely,Grammarly,P.D. UNDERTAKEN,yes
SR704, Health & Medical Sciences,adjunct senior lecturer,10 to 15,Never,Otter,NO P.D.,yes
SR705,"Arts, Business, Law  & Economics",tenured staff,>15,Sometimes,Otter,P.D. UNDERTAKEN,no
SR706,Not indicated ,tenured staff,>15,Sometimes,Elicit,P.D. UNDERTAKEN,yes
SR707,"Arts, Business, Law  & Economics",on fixed term ,>15,Rarely,Bing AI,NO P.D.,yes
SR708,"Arts, Business, Law  & Economics",tenured staff,0 to 5,Sometimes,Elicit,INADEQUATE P.D.,no
SR709, Health & Medical Sciences,tenured staff,0 to 5,Sometimes,Research Rabbit,INADEQUATE P.D.,no
SR710, Health & Medical Sciences,tenured staff,0 to 5,Rarely,Grammarly,NO P.D.,no
SR711,"Arts, Business, Law  & Economics",adjunct senior lecturer,0 to 5,Often,Research Rabbit,INADEQUATE P.D.,yes
SR712,Not indicated ,adjunct senior lecturer,0 to 5,Often,Midjourney,INADEQUATE P.D.,no
SR713,"Science, Engineering  & Tech",tenured staff,5 to 10,Sometimes,Midjourney,INADEQUATE P.D.,no
SR714,"Arts, Business, Law  & Economics",on fixed term ,5 to 10,Often,Research Rabbit,P.D. UNDERTAKEN,no
SR715,Not indicated ,adjunct senior lecturer,>15,Often,Bing AI,P.D. UNDERTAKEN,no
SR716, Health & Medical Sciences,on fixed term ,>15,Sometimes,Bing AI,NO P.D.,no
SR717, Health & Medical Sciences,tenured staff,10 to 15,Often,Elicit,P.D. UNDERTAKEN,no
SR718,Not indicated ,tenured staff,10 to 15,Sometimes,Research Rabbit,P.D. UNDERTAKEN,yes
SR719,"Science, Engineering  & Tech",adjunct senior lecturer,0 to 5,Never,Grammarly,NO P.D.,no
SR720, Health & Medical Sciences,tenured staff,5 to 10,Rarely,Elicit,INADEQUATE P.D.,yes
SR721, Health & Medical Sciences,adjunct senior lecturer,5 to 10,Rarely,Dalle-E,INADEQUATE P.D.,yes
SR722, Health & Medical Sciences,tenured staff,5 to 10,Often,Bing AI,NO P.D.,yes
SR723,Not indicated ,tenured staff,10 to 15,Often,ChatGPT,INADEQUATE P.D.,yes
SR724,"Arts, Business, Law  & Economics",adjunct senior lecturer,>15,Often,Elicit,INADEQUATE P.D.,no
SR725, Health & Medical Sciences,adjunct senior lecturer,>15,Rarely,Midjourney,INADEQUATE P.D.,no
SR726,"Arts, Business, Law  & Economics",adjunct senior lecturer,>15,Never,Elicit,P.D. UNDERTAKEN,no
SR727,"Science, Engineering  & Tech",tenured staff,0 to 5,Never,Research Rabbit,P.D. UNDERTAKEN,no
SR728, Health & Medical Sciences,tenured staff,0 to 5,Rarely,ChatGPT,NO P.D.,no
SR729, Health & Medical Sciences,on fixed term ,0 to 5,Never,Research Rabbit,P.D. UNDERTAKEN,yes
SR730,"Science, Engineering  & Tech",adjunct senior lecturer,0 to 5,Rarely,Otter,INADEQUATE P.D.,no
SR731, Health & Medical Sciences,tenured staff,0 to 5,Never,Midjourney,INADEQUATE P.D.,no
SR732,"Arts, Business, Law  & Economics",tenured staff,5 to 10,Sometimes,Midjourney,INADEQUATE P.D.,yes
SR733,Not indicated ,adjunct senior lecturer,5 to 10,Sometimes,Bing AI,P.D. UNDERTAKEN,no
SR734,"Arts, Business, Law  & Economics",on fixed term ,0 to 5,Rarely,Elicit,P.D. UNDERTAKEN,yes
SR735,Not indicated ,adjunct senior lecturer,5 to 10,Never,Bing AI,NO P.D.,no
SR736,Not indicated ,on fixed term ,5 to 10,Often,ChatGPT,P.D. UNDERTAKEN,no
SR737,"Arts, Business, Law  & Economics",tenured staff,5 to 10,Never,Elicit,INADEQUATE P.D.,no
SR738,"Arts, Business, Law  & Economics",on fixed term ,10 to 15,Sometimes,Otter,P.D. UNDERTAKEN,yes
SR739,"Arts, Business, Law  & Economics",tenured staff,>15,Sometimes,Research Rabbit,P.D. UNDERTAKEN,no
SR740,"Arts, Business, Law  & Economics",adjunct senior lecturer,>15,Never,Otter,P.D. UNDERTAKEN,yes
SR741,"Science, Engineering  & Tech",adjunct senior lecturer,>15,Never,Midjourney,P.D. UNDERTAKEN,no
SR742, Health & Medical Sciences,adjunct senior lecturer,0 to 5,Often,ChatGPT,NO P.D.,yes
SR743,Not indicated ,on fixed term ,5 to 10,Often,Dalle-E,INADEQUATE P.D.,no
SR744,"Arts, Business, Law  & Economics",tenured staff,5 to 10,Never,ChatGPT,INADEQUATE P.D.,yes
SR745,"Arts, Business, Law  & Economics",adjunct senior lecturer,5 to 10,Never,Grammarly,NO P.D.,no
SR746,"Arts, Business, Law  & Economics",adjunct senior lecturer,10 to 15,Never,ChatGPT,INADEQUATE P.D.,no
SR747,"Science, Engineering  & Tech",tenured staff,>15,Never,Otter,INADEQUATE P.D.,yes
SR748,"Arts, Business, Law  & Economics",adjunct senior lecturer,>15,Rarely,Grammarly,INADEQUATE P.D.,no
SR749,"Arts, Business, Law  & Economics",tenured staff,>15,Never,Grammarly,P.D. UNDERTAKEN,no
SR750,"Arts, Business, Law  & Economics",tenured staff,0 to 5,Often,Elicit,P.D. UNDERTAKEN,yes
SR751, Health & Medical Sciences,tenured staff,0 to 5,Sometimes,Elicit,NO P.D.,no
SR752,"Science, Engineering  & Tech",tenured staff,0 to 5,Rarely,Grammarly,P.D. UNDERTAKEN,no
SR753,"Arts, Business, Law  & Economics",tenured staff,0 to 5,Never,Dalle-E,INADEQUATE P.D.,yes
SR754,Not indicated ,on fixed term ,0 to 5,Sometimes,Elicit,P.D. UNDERTAKEN,yes
SR755,Not indicated ,adjunct senior lecturer,5 to 10,Rarely,ChatGPT,P.D. UNDERTAKEN,yes
SR756,Not indicated ,on fixed term ,5 to 10,Sometimes,Otter,P.D. UNDERTAKEN,no
SR757,"Science, Engineering  & Tech",adjunct senior lecturer,>15,Never,ChatGPT,P.D. UNDERTAKEN,no
SR758,"Science, Engineering  & Tech",on fixed term ,>15,Never,Dalle-E,NO P.D.,yes
SR759,Not indicated ,tenured staff,10 to 15,Often,Midjourney,INADEQUATE P.D.,no
SR760,"Arts, Business, Law  & Economics",adjunct senior lecturer,10 to 15,Never,Bing AI,INADEQUATE P.D.,no
SR761,"Science, Engineering  & Tech",adjunct senior lecturer,0 to 5,Never,Otter,NO P.D.,no
SR762,Not indicated ,on fixed term ,5 to 10,Rarely,Elicit,INADEQUATE P.D.,yes
SR763,Not indicated ,on fixed term ,5 to 10,Often,Otter,INADEQUATE P.D.,no
SR764,"Arts, Business, Law  & Economics",adjunct senior lecturer,5 to 10,Rarely,ChatGPT,INADEQUATE P.D.,yes
SR765, Health & Medical Sciences,on fixed term ,10 to 15,Sometimes,Bing AI,P.D. UNDERTAKEN,yes
SR766,"Science, Engineering  & Tech",on fixed term ,>15,Never,Research Rabbit,P.D. UNDERTAKEN,no
SR767,"Arts, Business, Law  & Economics",on fixed term ,>15,Sometimes,Research Rabbit,NO P.D.,yes
SR768,Not indicated ,tenured staff,>15,Rarely,Elicit,P.D. UNDERTAKEN,yes
SR769,Not indicated ,tenured staff,0 to 5,Never,Dalle-E,INADEQUATE P.D.,no
SR770,"Arts, Business, Law  & Economics",on fixed term ,0 to 5,Never,Research Rabbit,P.D. UNDERTAKEN,no
SR771,"Science, Engineering  & Tech",on fixed term ,0 to 5,Rarely,Otter,P.D. UNDERTAKEN,yes
SR772, Health & Medical Sciences,tenured staff,0 to 5,Rarely,Research Rabbit,P.D. UNDERTAKEN,no
SR773, Health & Medical Sciences,tenured staff,0 to 5,Rarely,Midjourney,P.D. UNDERTAKEN,no
SR774,Not indicated ,adjunct senior lecturer,5 to 10,Rarely,Midjourney,NO P.D.,no
SR775,"Science, Engineering  & Tech",adjunct senior lecturer,5 to 10,Rarely,Elicit,INADEQUATE P.D.,no
SR776, Health & Medical Sciences,tenured staff,0 to 5,Never,Midjourney,INADEQUATE P.D.,no
SR777,"Science, Engineering  & Tech",on fixed term ,5 to 10,Rarely,Research Rabbit,NO P.D.,no
SR778,"Science, Engineering  & Tech",on fixed term ,5 to 10,Never,Dalle-E,INADEQUATE P.D.,no
SR779,Not indicated ,on fixed term ,5 to 10,Never,Grammarly,INADEQUATE P.D.,no
SR780, Health & Medical Sciences,on fixed term ,10 to 15,Rarely,Grammarly,INADEQUATE P.D.,yes
SR781,"Arts, Business, Law  & Economics",adjunct senior lecturer,>15,Rarely,Elicit,P.D. UNDERTAKEN,yes
SR782,Not indicated ,tenured staff,>15,Often,Bing AI,P.D. UNDERTAKEN,no
SR783, Health & Medical Sciences,on fixed term ,>15,Never,Grammarly,NO P.D.,yes
SR784, Health & Medical Sciences,adjunct senior lecturer,0 to 5,Rarely,Grammarly,P.D. UNDERTAKEN,yes
SR785, Health & Medical Sciences,on fixed term ,5 to 10,Rarely,Midjourney,INADEQUATE P.D.,yes
SR786, Health & Medical Sciences,tenured staff,5 to 10,Rarely,Midjourney,P.D. UNDERTAKEN,no
SR787, Health & Medical Sciences,adjunct senior lecturer,5 to 10,Often,Research Rabbit,P.D. UNDERTAKEN,no
SR788,"Science, Engineering  & Tech",tenured staff,10 to 15,Often,Elicit,P.D. UNDERTAKEN,no
SR789,Not indicated ,tenured staff,>15,Sometimes,Bing AI,P.D. UNDERTAKEN,no
SR790,"Science, Engineering  & Tech",adjunct senior lecturer,>15,Never,Elicit,NO P.D.,no
SR791,"Arts, Business, Law  & Economics",adjunct senior lecturer,>15,Sometimes,ChatGPT,INADEQUATE P.D.,yes
SR792, Health & Medical Sciences,adjunct senior lecturer,0 to 5,Rarely,Otter,INADEQUATE P.D.,yes
SR793,Not indicated ,adjunct senior lecturer,0 to 5,Often,Bing AI,NO P.D.,no
SR794, Health & Medical Sciences,adjunct senior lecturer,0 to 5,Often,Bing AI,INADEQUATE P.D.,no
SR795,Not indicated ,adjunct senior lecturer,0 to 5,Sometimes,Dalle-E,INADEQUATE P.D.,yes
SR796,"Science, Engineering  & Tech",adjunct senior lecturer,0 to 5,Often,Elicit,INADEQUATE P.D.,yes
SR797,Not indicated ,on fixed term ,5 to 10,Rarely,Research Rabbit,P.D. UNDERTAKEN,no
SR798,"Arts, Business, Law  & Economics",tenured staff,5 to 10,Often,Dalle-E,P.D. UNDERTAKEN,no
SR799,"Arts, Business, Law  & Economics",adjunct senior lecturer,>15,Sometimes,Bing AI,NO P.D.,no
SR800,Not indicated ,on fixed term ,>15,Rarely,Bing AI,P.D. UNDERTAKEN,yes
SR801,Not indicated ,on fixed term ,10 to 15,Sometimes,Bing AI,INADEQUATE P.D.,yes
SR802,Not indicated ,on fixed term ,10 to 15,Often,Grammarly,P.D. UNDERTAKEN,no
SR803,Not indicated ,tenured staff,0 to 5,Sometimes,Elicit,NO P.D.,no
SR804,"Arts, Business, Law  & Economics",adjunct senior lecturer,5 to 10,Sometimes,Otter,INADEQUATE P.D.,no
SR805, Health & Medical Sciences,on fixed term ,5 to 10,Never,Otter,INADEQUATE P.D.,no
SR806,Not indicated ,tenured staff,5 to 10,Often,Dalle-E,NO P.D.,no
SR807,Not indicated ,tenured staff,10 to 15,Often,Bing AI,INADEQUATE P.D.,no
SR808,"Arts, Business, Law  & Economics",tenured staff,>15,Sometimes,Otter,INADEQUATE P.D.,yes
SR809,"Arts, Business, Law  & Economics",on fixed term ,>15,Never,Midjourney,INADEQUATE P.D.,no
SR810,"Science, Engineering  & Tech",adjunct senior lecturer,>15,Often,Elicit,P.D. UNDERTAKEN,no
SR811,Not indicated ,on fixed term ,0 to 5,Rarely,Otter,P.D. UNDERTAKEN,no
SR812,"Science, Engineering  & Tech",on fixed term ,0 to 5,Sometimes,Research Rabbit,NO P.D.,no
SR813,"Arts, Business, Law  & Economics",adjunct senior lecturer,0 to 5,Often,Elicit,P.D. UNDERTAKEN,no
SR814,"Arts, Business, Law  & Economics",adjunct senior lecturer,0 to 5,Rarely,Research Rabbit,P.D. UNDERTAKEN,no
SR815, Health & Medical Sciences,adjunct senior lecturer,0 to 5,Often,Otter,NO P.D.,yes
SR816,Not indicated ,tenured staff,5 to 10,Rarely,Midjourney,INADEQUATE P.D.,no
SR817,"Science, Engineering  & Tech",adjunct senior lecturer,5 to 10,Sometimes,Research Rabbit,INADEQUATE P.D.,no
SR818,"Arts, Business, Law  & Economics",on fixed term ,0 to 5,Often,Grammarly,NO P.D.,no
SR819,"Arts, Business, Law  & Economics",adjunct senior lecturer,5 to 10,Often,Otter,INADEQUATE P.D.,yes
SR820,"Science, Engineering  & Tech",on fixed term ,5 to 10,Never,Grammarly,INADEQUATE P.D.,no
SR821, Health & Medical Sciences,tenured staff,5 to 10,Sometimes,Otter,INADEQUATE P.D.,no
SR822,"Arts, Business, Law  & Economics",on fixed term ,10 to 15,Rarely,ChatGPT,P.D. UNDERTAKEN,yes
SR823,Not indicated ,on fixed term ,>15,Often,ChatGPT,P.D. UNDERTAKEN,no
SR824,"Arts, Business, Law  & Economics",adjunct senior lecturer,>15,Often,ChatGPT,NO P.D.,yes
SR825,Not indicated ,adjunct senior lecturer,>15,Rarely,Research Rabbit,P.D. UNDERTAKEN,yes
SR826,"Science, Engineering  & Tech",on fixed term ,0 to 5,Sometimes,Grammarly,P.D. UNDERTAKEN,no
SR827,Not indicated ,adjunct senior lecturer,5 to 10,Never,Grammarly,NO P.D.,no
SR828,"Science, Engineering  & Tech",tenured staff,5 to 10,Never,Grammarly,INADEQUATE P.D.,no
SR829,Not indicated ,tenured staff,5 to 10,Often,Midjourney,INADEQUATE P.D.,no
SR830,"Science, Engineering  & Tech",adjunct senior lecturer,10 to 15,Rarely,Grammarly,NO P.D.,no
SR831,Not indicated ,tenured staff,>15,Often,Midjourney,INADEQUATE P.D.,no
SR832, Health & Medical Sciences,adjunct senior lecturer,>15,Rarely,ChatGPT,INADEQUATE P.D.,no
SR833,Not indicated ,on fixed term ,>15,Never,ChatGPT,INADEQUATE P.D.,yes
SR834,Not indicated ,on fixed term ,0 to 5,Sometimes,Research Rabbit,P.D. UNDERTAKEN,no
SR835, Health & Medical Sciences,tenured staff,0 to 5,Rarely,Otter,INADEQUATE P.D.,no
SR836,"Arts, Business, Law  & Economics",adjunct senior lecturer,0 to 5,Never,ChatGPT,INADEQUATE P.D.,yes
SR837,"Arts, Business, Law  & Economics",adjunct senior lecturer,0 to 5,Often,Otter,INADEQUATE P.D.,no
SR838,Not indicated ,tenured staff,0 to 5,Rarely,Otter,P.D. UNDERTAKEN,no
SR839, Health & Medical Sciences,on fixed term ,5 to 10,Sometimes,Elicit,P.D. UNDERTAKEN,no
SR840,Not indicated ,tenured staff,5 to 10,Often,Research Rabbit,NO P.D.,no
SR841,"Science, Engineering  & Tech",on fixed term ,>15,Often,Bing AI,P.D. UNDERTAKEN,yes
SR842,"Science, Engineering  & Tech",adjunct senior lecturer,>15,Never,Bing AI,INADEQUATE P.D.,no
SR843,Not indicated ,on fixed term ,10 to 15,Rarely,Dalle-E,P.D. UNDERTAKEN,no
SR844,"Arts, Business, Law  & Economics",tenured staff,10 to 15,Often,Elicit,P.D. UNDERTAKEN,no
SR845,"Arts, Business, Law  & Economics",adjunct senior lecturer,0 to 5,Sometimes,Research Rabbit,P.D. UNDERTAKEN,no
SR846,Not indicated ,tenured staff,5 to 10,Rarely,Dalle-E,P.D. UNDERTAKEN,yes
SR847,Not indicated ,tenured staff,5 to 10,Sometimes,Dalle-E,NO P.D.,yes
SR848,"Science, Engineering  & Tech",on fixed term ,5 to 10,Often,Elicit,INADEQUATE P.D.,no
SR849,"Arts, Business, Law  & Economics",tenured staff,10 to 15,Sometimes,Bing AI,INADEQUATE P.D.,no
SR850,Not indicated ,on fixed term ,>15,Never,Research Rabbit,NO P.D.,no
SR851,"Science, Engineering  & Tech",adjunct senior lecturer,>15,Sometimes,Bing AI,INADEQUATE P.D.,no
SR852,"Arts, Business, Law  & Economics",on fixed term ,>15,Rarely,Dalle-E,INADEQUATE P.D.,no
SR853, Health & Medical Sciences,adjunct senior lecturer,0 to 5,Sometimes,Research Rabbit,INADEQUATE P.D.,no
SR854,"Science, Engineering  & Tech",on fixed term ,0 to 5,Sometimes,Dalle-E,P.D. UNDERTAKEN,no
SR855,"Arts, Business, Law  & Economics",tenured staff,0 to 5,Never,Grammarly,P.D. UNDERTAKEN,yes
SR856,"Arts, Business, Law  & Economics",on fixed term ,0 to 5,Sometimes,Elicit,NO P.D.,no
SR857,"Science, Engineering  & Tech",on fixed term ,0 to 5,Sometimes,Otter,P.D. UNDERTAKEN,no
SR858, Health & Medical Sciences,adjunct senior lecturer,5 to 10,Often,Research Rabbit,INADEQUATE P.D.,no
SR859,"Science, Engineering  & Tech",tenured staff,5 to 10,Often,Research Rabbit,P.D. UNDERTAKEN,no
SR860,"Arts, Business, Law  & Economics",on fixed term ,0 to 5,Rarely,Otter,P.D. UNDERTAKEN,yes
SR861,Not indicated ,tenured staff,5 to 10,Often,Dalle-E,P.D. UNDERTAKEN,no
SR862,Not indicated ,on fixed term ,5 to 10,Often,Grammarly,P.D. UNDERTAKEN,no
SR863,"Science, Engineering  & Tech",on fixed term ,5 to 10,Often,Midjourney,NO P.D.,no
SR864,"Arts, Business, Law  & Economics",tenured staff,10 to 15,Often,Otter,INADEQUATE P.D.,yes
SR865,Not indicated ,on fixed term ,>15,Never,Elicit,INADEQUATE P.D.,no
SR866,"Arts, Business, Law  & Economics",tenured staff,>15,Often,Bing AI,NO P.D.,no
SR867,"Science, Engineering  & Tech",on fixed term ,>15,Never,Dalle-E,INADEQUATE P.D.,yes
SR868,Not indicated ,adjunct senior lecturer,0 to 5,Never,Otter,INADEQUATE P.D.,yes
SR869,"Arts, Business, Law  & Economics",tenured staff,5 to 10,Often,Otter,INADEQUATE P.D.,no
SR870,Not indicated ,on fixed term ,5 to 10,Sometimes,Research Rabbit,P.D. UNDERTAKEN,no
SR871,"Science, Engineering  & Tech",on fixed term ,5 to 10,Never,Bing AI,P.D. UNDERTAKEN,no
SR872,"Arts, Business, Law  & Economics",adjunct senior lecturer,10 to 15,Sometimes,Bing AI,NO P.D.,no
SR873,Not indicated ,tenured staff,>15,Sometimes,Elicit,P.D. UNDERTAKEN,no
SR874,"Science, Engineering  & Tech",on fixed term ,>15,Often,Bing AI,INADEQUATE P.D.,no
SR875,Not indicated ,adjunct senior lecturer,>15,Rarely,Otter,P.D. UNDERTAKEN,no
SR876,Not indicated ,on fixed term ,0 to 5,Often,Midjourney,P.D. UNDERTAKEN,no
SR877, Health & Medical Sciences,tenured staff,0 to 5,Rarely,ChatGPT,P.D. UNDERTAKEN,no
SR878, Health & Medical Sciences,on fixed term ,0 to 5,Rarely,Dalle-E,P.D. UNDERTAKEN,yes
SR879,"Science, Engineering  & Tech",on fixed term ,0 to 5,Often,ChatGPT,NO P.D.,no
SR880, Health & Medical Sciences,on fixed term ,0 to 5,Often,Otter,INADEQUATE P.D.,yes
SR881,"Science, Engineering  & Tech",on fixed term ,5 to 10,Rarely,ChatGPT,INADEQUATE P.D.,no
SR882, Health & Medical Sciences,adjunct senior lecturer,5 to 10,Often,Otter,NO P.D.,no
SR883,Not indicated ,adjunct senior lecturer,>15,Rarely,ChatGPT,INADEQUATE P.D.,no
SR884,"Science, Engineering  & Tech",tenured staff,>15,Sometimes,Bing AI,INADEQUATE P.D.,no
SR885,"Science, Engineering  & Tech",adjunct senior lecturer,10 to 15,Often,Grammarly,INADEQUATE P.D.,yes
SR886,Not indicated ,adjunct senior lecturer,10 to 15,Sometimes,Bing AI,P.D. UNDERTAKEN,yes
SR887,"Science, Engineering  & Tech",tenured staff,0 to 5,Never,Bing AI,P.D. UNDERTAKEN,yes
SR888,"Science, Engineering  & Tech",adjunct senior lecturer,5 to 10,Sometimes,Elicit,NO P.D.,no
SR889, Health & Medical Sciences,adjunct senior lecturer,5 to 10,Sometimes,Research Rabbit,P.D. UNDERTAKEN,yes
SR890,"Science, Engineering  & Tech",tenured staff,5 to 10,Rarely,Research Rabbit,INADEQUATE P.D.,no
SR891,"Arts, Business, Law  & Economics",tenured staff,10 to 15,Sometimes,ChatGPT,P.D. UNDERTAKEN,yes
SR892,Not indicated ,tenured staff,>15,Often,Otter,P.D. UNDERTAKEN,yes
SR893, Health & Medical Sciences,on fixed term ,>15,Rarely,Elicit,P.D. UNDERTAKEN,no
SR894, Health & Medical Sciences,on fixed term ,>15,Never,Bing AI,P.D. UNDERTAKEN,yes
SR895,"Arts, Business, Law  & Economics",tenured staff,0 to 5,Often,Elicit,NO P.D.,no
SR896,Not indicated ,tenured staff,0 to 5,Never,ChatGPT,INADEQUATE P.D.,no
SR897,Not indicated ,tenured staff,0 to 5,Sometimes,Research Rabbit,INADEQUATE P.D.,no
SR898, Health & Medical Sciences,on fixed term ,0 to 5,Often,Grammarly,NO P.D.,no
SR899,"Science, Engineering  & Tech",on fixed term ,0 to 5,Often,Dalle-E,INADEQUATE P.D.,no
SR900, Health & Medical Sciences,adjunct senior lecturer,5 to 10,Never,ChatGPT,INADEQUATE P.D.,no
SR901,Not indicated ,adjunct senior lecturer,5 to 10,Often,Elicit,INADEQUATE P.D.,yes
SR902,"Arts, Business, Law  & Economics",tenured staff,0 to 5,Often,Grammarly,P.D. UNDERTAKEN,yes
SR903, Health & Medical Sciences,on fixed term ,5 to 10,Often,Dalle-E,P.D. UNDERTAKEN,yes
SR904,Not indicated ,on fixed term ,5 to 10,Sometimes,Midjourney,NO P.D.,no
SR905, Health & Medical Sciences,on fixed term ,5 to 10,Never,ChatGPT,P.D. UNDERTAKEN,yes
SR906,"Science, Engineering  & Tech",tenured staff,10 to 15,Often,ChatGPT,INADEQUATE P.D.,no
SR907, Health & Medical Sciences,adjunct senior lecturer,>15,Rarely,Midjourney,P.D. UNDERTAKEN,yes
SR908, Health & Medical Sciences,tenured staff,>15,Rarely,Midjourney,NO P.D.,no
SR909,Not indicated ,adjunct senior lecturer,>15,Rarely,ChatGPT,INADEQUATE P.D.,no
SR910,Not indicated ,adjunct senior lecturer,0 to 5,Rarely,Midjourney,INADEQUATE P.D.,no
SR911,Not indicated ,tenured staff,5 to 10,Sometimes,Bing AI,NO P.D.,no
SR912, Health & Medical Sciences,adjunct senior lecturer,5 to 10,Often,Dalle-E,INADEQUATE P.D.,no
SR913,"Science, Engineering  & Tech",adjunct senior lecturer,5 to 10,Never,Dalle-E,INADEQUATE P.D.,yes
SR914,"Arts, Business, Law  & Economics",on fixed term ,10 to 15,Often,Dalle-E,INADEQUATE P.D.,no
SR915,"Arts, Business, Law  & Economics",adjunct senior lecturer,>15,Sometimes,Bing AI,P.D. UNDERTAKEN,no
SR916,Not indicated ,tenured staff,>15,Rarely,Otter,P.D. UNDERTAKEN,no
SR917,Not indicated ,tenured staff,>15,Sometimes,Midjourney,NO P.D.,no
SR918, Health & Medical Sciences,adjunct senior lecturer,0 to 5,Often,Grammarly,P.D. UNDERTAKEN,no
SR919,"Arts, Business, Law  & Economics",on fixed term ,0 to 5,Never,Midjourney,P.D. UNDERTAKEN,no
SR920,Not indicated ,on fixed term ,0 to 5,Sometimes,ChatGPT,NO P.D.,yes
SR921,"Science, Engineering  & Tech",adjunct senior lecturer,0 to 5,Never,Research Rabbit,INADEQUATE P.D.,yes
SR922,"Science, Engineering  & Tech",adjunct senior lecturer,0 to 5,Sometimes,Elicit,INADEQUATE P.D.,no
SR923,Not indicated ,tenured staff,5 to 10,Never,Elicit,NO P.D.,no
SR924,Not indicated ,adjunct senior lecturer,5 to 10,Never,Dalle-E,INADEQUATE P.D.,yes
SR925,"Arts, Business, Law  & Economics",on fixed term ,>15,Rarely,Midjourney,INADEQUATE P.D.,yes
SR926,"Arts, Business, Law  & Economics",adjunct senior lecturer,>15,Never,Grammarly,INADEQUATE P.D.,no
SR927, Health & Medical Sciences,tenured staff,10 to 15,Rarely,ChatGPT,P.D. UNDERTAKEN,yes
SR928,"Arts, Business, Law  & Economics",tenured staff,10 to 15,Often,Bing AI,P.D. UNDERTAKEN,yes
SR929,"Science, Engineering  & Tech",tenured staff,0 to 5,Often,Otter,NO P.D.,no
SR930,"Science, Engineering  & Tech",tenured staff,5 to 10,Rarely,Bing AI,P.D. UNDERTAKEN,yes
SR931,Not indicated ,tenured staff,5 to 10,Rarely,Grammarly,P.D. UNDERTAKEN,no
SR932,"Arts, Business, Law  & Economics",adjunct senior lecturer,5 to 10,Sometimes,ChatGPT,NO P.D.,yes
SR933, Health & Medical Sciences,adjunct senior lecturer,10 to 15,Sometimes,Dalle-E,INADEQUATE P.D.,no
SR934,"Science, Engineering  & Tech",adjunct senior lecturer,>15,Sometimes,Midjourney,INADEQUATE P.D.,yes
SR935,"Science, Engineering  & Tech",adjunct senior lecturer,>15,Often,ChatGPT,NO P.D.,yes
SR936, Health & Medical Sciences,tenured staff,>15,Sometimes,Elicit,INADEQUATE P.D.,yes
SR937, Health & Medical Sciences,on fixed term ,0 to 5,Never,Otter,INADEQUATE P.D.,no
SR938,"Science, Engineering  & Tech",adjunct senior lecturer,0 to 5,Never,Bing AI,INADEQUATE P.D.,no
SR939,"Science, Engineering  & Tech",on fixed term ,0 to 5,Sometimes,Otter,P.D. UNDERTAKEN,yes
SR940, Health & Medical Sciences,adjunct senior lecturer,0 to 5,Never,Otter,INADEQUATE P.D.,no
SR941,"Science, Engineering  & Tech",adjunct senior lecturer,0 to 5,Often,Grammarly,INADEQUATE P.D.,no
SR942,Not indicated ,on fixed term ,5 to 10,Never,Grammarly,INADEQUATE P.D.,no
SR943,Not indicated ,tenured staff,5 to 10,Often,Midjourney,P.D. UNDERTAKEN,no
SR944, Health & Medical Sciences,adjunct senior lecturer,0 to 5,Rarely,Grammarly,P.D. UNDERTAKEN,no
SR945,"Arts, Business, Law  & Economics",adjunct senior lecturer,5 to 10,Rarely,Grammarly,NO P.D.,yes
SR946, Health & Medical Sciences,adjunct senior lecturer,5 to 10,Rarely,ChatGPT,P.D. UNDERTAKEN,no
SR947, Health & Medical Sciences,on fixed term ,5 to 10,Rarely,Elicit,INADEQUATE P.D.,no
SR948,"Arts, Business, Law  & Economics",tenured staff,10 to 15,Never,Dalle-E,P.D. UNDERTAKEN,yes
SR949,"Arts, Business, Law  & Economics",on fixed term ,>15,Sometimes,Midjourney,P.D. UNDERTAKEN,yes
SR950,"Arts, Business, Law  & Economics",on fixed term ,>15,Never,ChatGPT,P.D. UNDERTAKEN,no
SR951,Not indicated ,tenured staff,>15,Often,Dalle-E,P.D. UNDERTAKEN,no
SR952,"Science, Engineering  & Tech",on fixed term ,0 to 5,Never,Otter,NO P.D.,no
SR953,Not indicated ,tenured staff,5 to 10,Never,ChatGPT,INADEQUATE P.D.,yes
SR954,"Science, Engineering  & Tech",adjunct senior lecturer,5 to 10,Often,Research Rabbit,INADEQUATE P.D.,no
SR955,Not indicated ,tenured staff,5 to 10,Rarely,ChatGPT,NO P.D.,no
SR956,"Science, Engineering  & Tech",adjunct senior lecturer,10 to 15,Rarely,Grammarly,INADEQUATE P.D.,no
SR957,Not indicated ,on fixed term ,>15,Rarely,Dalle-E,INADEQUATE P.D.,yes
SR958,"Arts, Business, Law  & Economics",on fixed term ,>15,Sometimes,Midjourney,INADEQUATE P.D.,no
SR959, Health & Medical Sciences,adjunct senior lecturer,>15,Often,Midjourney,P.D. UNDERTAKEN,no
SR960,Not indicated ,on fixed term ,0 to 5,Often,Dalle-E,P.D. UNDERTAKEN,no
SR961,"Science, Engineering  & Tech",tenured staff,0 to 5,Never,Grammarly,NO P.D.,no
SR962,"Arts, Business, Law  & Economics",adjunct senior lecturer,0 to 5,Sometimes,Bing AI,P.D. UNDERTAKEN,yes
SR963,Not indicated ,on fixed term ,0 to 5,Rarely,ChatGPT,INADEQUATE P.D.,yes
SR964,Not indicated ,adjunct senior lecturer,0 to 5,Sometimes,Grammarly,P.D. UNDERTAKEN,no
SR965,"Arts, Business, Law  & Economics",tenured staff,5 to 10,Often,Research Rabbit,P.D. UNDERTAKEN,no
SR966,Not indicated ,tenured staff,5 to 10,Often,Elicit,P.D. UNDERTAKEN,yes
SR967, Health & Medical Sciences,on fixed term ,>15,Never,Otter,P.D. UNDERTAKEN,no
SR968,Not indicated ,tenured staff,>15,Never,Dalle-E,NO P.D.,yes
SR969, Health & Medical Sciences,adjunct senior lecturer,10 to 15,Often,Elicit,INADEQUATE P.D.,yes
SR970, Health & Medical Sciences,tenured staff,10 to 15,Rarely,ChatGPT,INADEQUATE P.D.,yes
SR971,"Arts, Business, Law  & Economics",adjunct senior lecturer,0 to 5,Rarely,Midjourney,NO P.D.,maybe
SR972,Not indicated ,adjunct senior lecturer,5 to 10,Sometimes,Otter,INADEQUATE P.D.,maybe
SR973,"Arts, Business, Law  & Economics",tenured staff,5 to 10,Often,Elicit,INADEQUATE P.D.,maybe
SR974,Not indicated ,on fixed term ,5 to 10,Often,Bing AI,INADEQUATE P.D.,maybe
SR975,Not indicated ,tenured staff,10 to 15,Rarely,Elicit,P.D. UNDERTAKEN,maybe
SR976,"Science, Engineering  & Tech",adjunct senior lecturer,>15,Rarely,Research Rabbit,P.D. UNDERTAKEN,maybe
SR977,Not indicated ,adjunct senior lecturer,>15,Often,Midjourney,NO P.D.,maybe
SR978,"Arts, Business, Law  & Economics",tenured staff,>15,Never,Dalle-E,P.D. UNDERTAKEN,maybe
SR979, Health & Medical Sciences,on fixed term ,0 to 5,Often,ChatGPT,INADEQUATE P.D.,maybe
SR980,Not indicated ,on fixed term ,0 to 5,Often,Dalle-E,P.D. UNDERTAKEN,maybe
SR981,"Science, Engineering  & Tech",adjunct senior lecturer,0 to 5,Rarely,Otter,P.D. UNDERTAKEN,maybe
SR982,"Arts, Business, Law  & Economics",adjunct senior lecturer,0 to 5,Rarely,ChatGPT,P.D. UNDERTAKEN,maybe
SR983,Not indicated ,on fixed term ,0 to 5,Never,Grammarly,P.D. UNDERTAKEN,maybe
SR984,"Arts, Business, Law  & Economics",tenured staff,5 to 10,Never,Bing AI,NO P.D.,maybe
SR985,"Science, Engineering  & Tech",adjunct senior lecturer,5 to 10,Sometimes,Grammarly,INADEQUATE P.D.,maybe
SR986,"Science, Engineering  & Tech",adjunct senior lecturer,0 to 5,Often,Grammarly,INADEQUATE P.D.,maybe
SR987,"Arts, Business, Law  & Economics",on fixed term ,5 to 10,Rarely,Dalle-E,NO P.D.,maybe
SR988,Not indicated ,tenured staff,5 to 10,Never,Otter,INADEQUATE P.D.,yes
SR989, Health & Medical Sciences,on fixed term ,5 to 10,Sometimes,Bing AI,INADEQUATE P.D.,yes
SR990,"Science, Engineering  & Tech",tenured staff,10 to 15,Sometimes,Elicit,INADEQUATE P.D.,no
SR991,Not indicated ,tenured staff,>15,Rarely,ChatGPT,P.D. UNDERTAKEN,yes
SR992,Not indicated ,tenured staff,>15,Rarely,ChatGPT,P.D. UNDERTAKEN,no
SR993, Health & Medical Sciences,adjunct senior lecturer,>15,Sometimes,Research Rabbit,NO P.D.,yes
SR994,"Science, Engineering  & Tech",on fixed term ,0 to 5,Never,Midjourney,P.D. UNDERTAKEN,no
SR995,"Science, Engineering  & Tech",on fixed term ,5 to 10,Sometimes,Research Rabbit,INADEQUATE P.D.,no
SR996,Not indicated ,tenured staff,5 to 10,Often,Elicit,P.D. UNDERTAKEN,no
SR997,Not indicated ,adjunct senior lecturer,5 to 10,Often,Research Rabbit,P.D. UNDERTAKEN,no
SR998, Health & Medical Sciences,adjunct senior lecturer,10 to 15,Rarely,ChatGPT,P.D. UNDERTAKEN,no
SR999, Health & Medical Sciences,on fixed term ,>15,Never,Dalle-E,P.D. UNDERTAKEN,yes
SR1000,"Science, Engineering  & Tech",adjunct senior lecturer,>15,Never,Grammarly,NO P.D.,no
SR1001,"Arts, Business, Law  & Economics",adjunct senior lecturer,>15,Often,Otter,INADEQUATE P.D.,no
SR1002,"Science, Engineering  & Tech",tenured staff,0 to 5,Sometimes,Grammarly,INADEQUATE P.D.,yes
SR1003,Not indicated ,adjunct senior lecturer,0 to 5,Rarely,Grammarly,NO P.D.,no
SR1004,"Science, Engineering  & Tech",tenured staff,0 to 5,Sometimes,Bing AI,INADEQUATE P.D.,yes
SR1005,"Arts, Business, Law  & Economics",on fixed term ,0 to 5,Sometimes,ChatGPT,INADEQUATE P.D.,yes
SR1006, Health & Medical Sciences,adjunct senior lecturer,0 to 5,Sometimes,Elicit,INADEQUATE P.D.,no
SR1007,"Arts, Business, Law  & Economics",on fixed term ,5 to 10,Never,Elicit,P.D. UNDERTAKEN,yes
SR1008,"Arts, Business, Law  & Economics",on fixed term ,5 to 10,Often,Otter,P.D. UNDERTAKEN,no
SR1009,"Arts, Business, Law  & Economics",adjunct senior lecturer,>15,Never,Dalle-E,NO P.D.,no
SR1010, Health & Medical Sciences,adjunct senior lecturer,>15,Often,Bing AI,P.D. UNDERTAKEN,yes
SR1011,"Arts, Business, Law  & Economics",on fixed term ,10 to 15,Rarely,Midjourney,INADEQUATE P.D.,no
SR1012,"Arts, Business, Law  & Economics",adjunct senior lecturer,10 to 15,Rarely,Dalle-E,P.D. UNDERTAKEN,no
SR1013,"Arts, Business, Law  & Economics",tenured staff,0 to 5,Sometimes,Research Rabbit,NO P.D.,yes
SR1014,Not indicated ,tenured staff,5 to 10,Often,Dalle-E,INADEQUATE P.D.,no
SR1015,"Arts, Business, Law  & Economics",adjunct senior lecturer,5 to 10,Often,Dalle-E,INADEQUATE P.D.,yes
SR1016, Health & Medical Sciences,on fixed term ,5 to 10,Often,Grammarly,NO P.D.,no
SR1017,"Arts, Business, Law  & Economics",adjunct senior lecturer,10 to 15,Sometimes,Dalle-E,INADEQUATE P.D.,no
SR1018,"Arts, Business, Law  & Economics",adjunct senior lecturer,>15,Sometimes,Elicit,INADEQUATE P.D.,no
SR1019, Health & Medical Sciences,on fixed term ,>15,Rarely,Research Rabbit,INADEQUATE P.D.,yes
SR1020,"Arts, Business, Law  & Economics",on fixed term ,>15,Never,Research Rabbit,P.D. UNDERTAKEN,no
SR1021, Health & Medical Sciences,tenured staff,0 to 5,Often,ChatGPT,P.D. UNDERTAKEN,no
SR1022,"Arts, Business, Law  & Economics",on fixed term ,0 to 5,Often,Dalle-E,NO P.D.,no
SR1023, Health & Medical Sciences,tenured staff,0 to 5,Never,Grammarly,P.D. UNDERTAKEN,maybe
SR1024,"Arts, Business, Law  & Economics",on fixed term ,0 to 5,Often,Dalle-E,P.D. UNDERTAKEN,no
SR1025,"Arts, Business, Law  & Economics",adjunct senior lecturer,0 to 5,Sometimes,Midjourney,NO P.D.,no
SR1026,Not indicated ,tenured staff,5 to 10,Sometimes,Midjourney,INADEQUATE P.D.,yes
SR1027,Not indicated ,tenured staff,5 to 10,Often,Grammarly,INADEQUATE P.D.,yes
SR1028,"Arts, Business, Law  & Economics",tenured staff,>15,Sometimes,ChatGPT,NO P.D.,no
SR1029,"Arts, Business, Law  & Economics",adjunct senior lecturer,10 to 15,Sometimes,ChatGPT,INADEQUATE P.D.,no
SR1030,"Science, Engineering  & Tech",adjunct senior lecturer,5 to 10,Often,Research Rabbit,INADEQUATE P.D.,yes
